id,address,municipality
1,"Palazzo Geremia, Via Rodolfo Belenzani 20",Trento
2,"Palazzo Benvenuti, Via Rodolfo Belenzani 12",Trento
3,"Piazza Santa Maria Maggiore, Piazza Santa Maria Maggiore",Trento
4,Palazzo della Regione,Trento
5,"Sala Depero, Piazza Dante 15",Trento
6,"Filarmonica, Via Giuseppe Verdi 30",Trento
7,"Auditorium Santa Chiara, Via S. Croce 67",Trento
8,"Teatro Sociale, Via Paolo Oss-Mazzurana 19",Trento
9,"Piazza Dante Beta Officina Motori, Piazza Dante",Trento
10,"Piazza del Duomo, Piazza Del Duomo",Trento
11,"Piazza Fiera, Piazza di Fiera",Trento
12,"Piazza Cesare Battisti, Piazza Cesare Battisti",Trento
13,"Piazza del Duomo  e via Verdi, Piazza Del Duomo  - 38122 Trento",Trento
14,Parco Albere Aldeno,Aldeno
15,"Via Martignoni n. 34, Aldeno",Aldeno
16,"piazza Dolomiti, Andalo - Rifugio Dosson",Andalo
17,"Sala al 1° piano, Via Marconi",Avio
18,Parco giochi di viale al Parco a Sabbionara,Avio
19,Parco giochi di Sabbionara,Avio
20,Teatro di Avio,Avio
21,Polisportiva Besenello,Besenello
22,"Borgo Chiese, Dolomytennis",Borgo Chiese
23,Palazzo Eccheli Baisi,Brentonico
24,Cinema Teatro Monte Baldo,Brentonico
25,Centro d'alpinismo Lagorai,Castel Ivano
26,Campo da calcio Agnedo,Castel Ivano
27,Campo da calcetto Spera,Castel Ivano
28,Baita Tonda Cermis,Cavalese
29,"PARCHEGGIO ""CENTRO SPORTIVO ALTANAUNIA""",Cavareno
30,Istituto Comprensivo Bernardo Clesio di Cles,Cles
31,Palazzo Assessorile,Cles
32,Centro per lo Sport e del Tempo Libero,Cles
33,Corso Dante,Cles
34,Piazza Granda,Cles
35,Sala Borghesi Bertolla,Cles
36,Doss di Pez,Cles
37,Dro/Comano Terme,Comano Terme
38,Arco,Comano Terme
39,Comano Terme,Comano Terme
40,Riva del Garda,Comano Terme
41,Piscina Acquaclub Valle delle Chiese,Comano Terme
42,Borgo Valsugana Via Gozzer 52,Comunit Valsugana e Tesino
43,Via Ferme 38050 Roncegno Terme,Comunit Valsugana e Tesino
44,Centro Congressi Lavarone,Lavarone
45,Centro Sportivo di Mezzana,Mezzana
46,Stadio G. Scola di Alba di Canazei,Moena
47,Sala comunale ex Galetera,Mori
48,"Palazzo del Municipio, Predazzo",Panchià
49,Palazzo del Municipio,Pieve di Bono-Prezzo
50,Sede E.S.Co. BIM e Comuni del Chiese S.p.A.,Pieve di Bono-Prezzo
51,Monte Nozzolo,Pieve di Bono-Prezzo
52,Campo sportivo di Creto,Pieve di Bono-Prezzo
53,Via Ardaro 38066 Riva del Garda,Riva del Garda
54,Chiesa di Santa Margherita,Roncegno Terme
55,Teatro parrocchiale di Cembra,Segonzano
56,Casa del Parco loc. Pracul - Valdaone,Sella Giudicarie
57,loc. Boniprati,Sella Giudicarie
58,"Centro Sportivo """"Mario Formolo""""""",Sporminore
59,Chiesa di San Vigilio,Stenico
60,Rifugio Monte Agnello,Tesero
61,Centro fondo Lago di Tesero,Tesero
62,Teatro Valle dei Laghi,Vallelaghi
63,Fraveggio,Vallelaghi
64,via trener,Trento
65,ingresso giardino da via lung’adige braille,Trento
66,ingresso parco da via centochiavi,Trento
67,via paludi,Trento
68,località spini,Trento
69,strada del dos gariol baselga del bondone,Trento
70,via di mura sopramonte,Trento
71,via per cesana candriai,Trento
72,strada di montevaccino,Trento
73,via della resistenza - povo,Trento
74,via perini,Trento
75,via fermi,Trento
76,ex Giardino della Clarina,Trento
77,via dos trento,Trento
78,doss trento,Trento
79,meano,Trento
80,trento,Trento
81,ingresso parco da via vicenza,Trento
82,via 4 novembre gardolo,Trento
83,piazzale groff gardolo,Trento
84,via 8 marzo gardolo,Trento
85,loc. roncafort gardolo,Trento
86,via della cavada,Trento
87,via calepina 14,Trento
88,sponda trentina meano,Trento
89,piazza stainer,Trento
90,via della chiesa,Trento
91,via della posta,Trento
92,case itea s. donà trento,Trento
93,ingresso parco da via alle coste (con ampio parcheggio) e da via marnighe,Trento
94,via della resistenza povo,Trento
95,via galassa,Trento
96,via valnigra,Trento
97,ingresso giardino da via palermo,Trento
98,ex via Volta,Trento
99,ingresso parco da via piave,Trento
100,via del maso smalz,Trento
101,ingresso giardino da via s. pio x,Trento
102,via doss trento,Trento
103,ingresso parco da via dei solteri e via pranzelores,Trento
104,accesso da via ss. cosma e damiano,Trento
105,via pranzelores,Trento
106,piazza centa,Trento
107,ingresso giardino da via caio valerio mariano,Trento
108,ingresso da via marsala,Trento
109,piazza general cantore,Trento
110,ingresso giardino da via veneto,Trento
111,passeggiata filomena perghem,Trento
112,s.p. 85 – strada di vaneze,Trento
113,via ai castagnari - romagnano,Trento
114,via sabbioni povo,Trento
115,ingresso giardino da via marsala,Trento
116,ingresso parco: via e piazza venezia,Trento
117,viale verona località prato grande,Trento
118,piazza della regola cadine,Trento
119,via santa marina,Trento
120,via masetti cognola,Trento
121,via dell'albera,Trento
122,s. donà,Trento
123,accesso da via einaudi,Trento
124,via canova,Trento
125,piazzale camillo rusconi,Trento
126,strada delle caserme 3-5-7-9 38123 monte bondone,Trento
127,via iv novembre 23/4,Trento
128,via 4 novembre 23/4,Trento
129,via fersina 11,Trento
130,via fogazzaro 4,Trento
131,via bettini 7,Trento
132,via fersina 15,Trento
133,via r. da sanseverino,Trento
134,via fersina,Trento
135,località pianizza di villazzano,Trento
136,via ponte alto,Trento
137,via alla césa vècia - sardagna - trento,Trento
138,via pradiscola n. 5 - martignano,Trento
139,via valnigra - villazzano,Trento
140,via lunelli località solteri - trento,Trento
141,via bettini,Trento
142,piazza venezia 41/1,Trento
143,località soraval di cadine,Trento
144,Via San Giovanni Bosco,Mezzocorona
145,"Via del Parco, 1",Andalo
146,"Via al Dos Ciastel, 4",Fai della Paganella
147,"Via Bellaria, 9",Trento
148,"Via Cane', 7",Mezzocorona
149,Localit Lago Santo,Cembra Lisignago
150,"Via Priori, 16",Andalo
151,Localita' Spini,Trento
152,"Via Vienna, 92",Trento
153,"Via Presanella, 10",Pinzolo
154,"Piazza Righi, 5",Pinzolo
155,"Piazza Tridente, 9",Trento
156,"21 C/O Innovation Center,, LOC. ZONA INDUSTRIALE",Mal
157,"Via Venezia, 41/1",Trento
158,"Via Gole, 412",Dimaro Folgarida
159,"Via Unterveger Giambattista, 104",Trento
160,"Via Roberto da Sanseverino, 41",Trento
161,"Via Marighetto Ancilla, 28",Trento
162,"Via Bolghera, 37",Trento
163,"Via Zara, 14",Trento
164,"Via Guardini Romano, 42",Trento
165,"Via Fersina, 11",Trento
166,"Viale della Costituzione, 5",Trento
167,"Passaggio Clementel Ezio, 7",Trento
168,"Viale Olivetti Adriano, 20",Trento
169,"Via Chini Eusebio, 59",Trento
170,"Viale San Lorenzo, 4",Sarnonico
171,"Via Brunner Giuseppe, 9",Trento
172,"Via Weinstrasse, 154",Termeno sulla Strada del Vino
173,"Via IV Novembre . Gardolo, 23",Trento
174,"Via Menguzzato Veglia Clorinda, 6",Trento
175,"Strada delle Viote, 1",Trento
176,"Via Gentilotti Benedetto, 4",Trento
177,"Viale Daino, 74/C",Dro
178,"Localit Maso Grillo, 4",Pergine Valsugana
179,"Via Fersina, 17",Trento
180,"Via Fersina, 2",Trento
181,"Via Ponte Alto, 79",Trento
182,"Via Lavisotto, 41",Trento
183,"Via Talvera, 11",Trento
184,"Via Santissimi Cosma e Damiano, 107",Trento
185,"Viale degli Olmi, 44",Trento
186,"Via di Mura, 24",Trento
187,Localit Bedolpian,Baselga di Pin
188,Via Hubert Jedin,Trento
189,"Via Maccani Ezio, 2",Trento
190,"Piazzale Camillo Rusconi, 5",Trento
191,"Via al Ponte, 1/A",Pergine Valsugana
192,Localit Molini,Mal
193,Via degli Olmi,Trento
194,"Via della Selva, 34",Trento
195,"Via dei Paludi, 22",Baselga di Pin
196,"Via Marconi Guglielmo, 51",Pergine Valsugana
197,"Viale Degasperi, 163",Cles
198,"Piazza del Duomo, 30",Trento
199,"Via 12 Settembre, 6",Trento
200,"Via per Castel Vedro, 3",Trento
201,"Via del Capitel, 3",Trento
202,"Via Fogazzaro Antonio, 2",Trento
203,"Via 25 Aprile, 10",Trento
204,"Via alla Cros, 10",Trento
205,"Via IV Novembre, 23/4",Trento
206,"Via delle Regole, 101",Trento
207,"Localit Pianiza, 33",Trento
208,"Via Pradiscola, 1",Trento
209,"Via San Pio X, 117",Trento
210,"Viale Petri, 2",Pergine Valsugana
211,"Via Castelvecchio, 45",Caldaro sulla Strada del Vino
212,"Localita' Centro Sportivo Verde, 1",Sarnonico
213,"Via Avisio, 24",Trento
214,"Via De Gasperi, 8",Mal
215,"Via Cima Tosa, 15",Pinzolo
216,"Via Znojmo, 24",Trento
217,"Via Truidn, 1",Ora
218,"Via dello Via dello Stadio, 17",Baselga di Pin
219,Via dello Stadio Fraz Miola 17,Baselga di Pin
220,"Frazione Miola, 17",Baselga di Pin
221,"Via Maccani Ezio, 88",Trento
222,"Via Galilei Galileo, 32",Trento
223,"Via IV Novembre, 83",Predaia
224,"Via Bettini Angelo, 2",Trento
225,"Localita' Vason, 110",Trento
226,Via Roen,Amblar-Don
227,"Via Nambino, 27",Pinzolo
228,"Via Filari Longhi, 2/A",Trento
229,"Via Rio Nero, 7",Ora
230,"Strada del Roccolo, 24",Dimaro Folgarida
231,Localit Ischia,Molveno
232,"Via dei Masi, 6",Trento
233,"Via alla Croce, 1",Mal
234,Localit Promeghin,San Lorenzo Dorsino
235,"Via Rio Nero, 1",Ora
236,Localit Dossi,Predaia
237,Frazione Canezza,Pergine Valsugana
238,"Via Brenner, 7",Egna
239,"Via Brennero, 7",Egna
240,"Via Fogazzaro Antonio, 4",Trento
241,"Via IV Novembre, 23",Trento
242,"Localit Molin, 4",Mal
243,"Salita S. Agata, 23",Trento
244,"Via Quattro Ville, 3",Ville d'Anaunia
245,"Via Brescia, 88",Dimaro Folgarida
246,"Localita' Rio Nero, 1",Ora
247,"Via Cauria, 57",Egna
248,"Via Schiesstandweg, 4",Egna
249,"Via Chini Eusebio, 99/1",Trento
250,Localit Vela,Trento
251,"Via Roma, 14",Egna
252,"Via Zeledria, 8",Pinzolo
253,"Via Fossi, 12",Primiero San Martino di Castrozza
254,"Via Laghetto, 40",Primiero San Martino di Castrozza
255,"Via dello Sport, 6",Primiero San Martino di Castrozza
256,"Via del Pian, 37",Mezzano
257,"Piazzale Molino, 3",Falcade
258,"Via Dante Alighieri, 1",Pedavena
259,"Via Scuole Nuove, 12/B",Santa Giustina
260,Localit Roda,Ziano di Fiemme
261,"Via Antonio Vecelli, 45",Pedavena
262,"Largo Tegosa, 8",Falcade
263,"Via Mazzarol Sebastiano, 42",Cencenighe Agordino
264,"Localit Gravazze, 20",Santa Giustina
265,"Localit Quarazza, 1",Pieve Tesino
266,"Corso Roma, 27",Falcade
267,"Localit Coldan, 11",Pieve Tesino
268,"Localita' Pian della Sussistenza, 1",Falcade
269,"Via Lagorai, 117",Predazzo
270,"Via Monte Grappa, 1",Feltre
271,"Via Lungo Rova, 1",Agordo
272,Via Le Rive,Feltre
273,"Via Marconi Guglielmo, 1",Feltre
274,"1, V. Dante",Pedavena
275,"Via Paganini R., 27",Agordo
276,"Via Zucco A., 7",Fonzaso
277,"Via Sandro Pertini, 24",Pedavena
278,"Via Villa, 7/A",Sedico
279,"Via Seghe di Villa, 11",Sedico
280,"Via Bolognini, 84",Pinzolo
281,"Via allo Stadio, 21",Pinzolo
282,"Via Vittorio Veneto, 4",Pinzolo
283,Localit Salin,Cavedine
284,"Strada Provinciale degli Ortioi, 1",Mezzana
285,Localit Pressenago,Pellizzano
286,"Via del Pressenach, 1",Mezzana
287,Viale San Camillo,Peio
288,"Localit Sesena, 5",Tione di Trento
289,Via Saletti,Tem
290,"Via Risorgimento, 5",Ponte di Legno
291,"Via Corno D'Aola, 5",Ponte di Legno
292,Frazione Santa Croce,Bleggio Superiore
293,"Via delle Acque Acidule, 3",Peio
294,"Via Santa Caterina, 6/4",Brentonico
295,"Localit Saccone, 4",Brentonico
296,Localit Mosee,Brentonico
297,Via S. Caterina,Brentonico
298,"Via del Garda, 44 bis",Rovereto
299,"Via Valle dell'Acqua, snc",Malcesine
300,"Via Lungo Leno Destro, 25/B",Rovereto
301,Localit Chiesurone,Ala
302,"Viale Rovereto, 45",Riva del Garda
303,"Via della Roggia, 45",Rovereto
304,"Via Dante, 10",Mori
305,Via Leonardo da Vinci,Rovereto
306,"Via Udine, 1",Rovereto
307,"Via Lungo Leno Destro, 25",Rovereto
308,"Via della Roggia, 43",Rovereto
309,"Strada Granda, 67",Nago-Torbole
310,Localit San Giorgio Arco,Arco
311,"Viale Caproni Giovanni, 44",Rovereto
312,"Via Balista, 2",Rovereto
313,"Via Udine, 18",Rovereto
314,"Piazza Giovanni XXIII, 7",Ala
315,"Via Piomarta, 1",Rovereto
316,"Viale De Gasperi, 27",Avio
317,Piazza Giovanni XXIII,Ala
318,"Via Palestrina, 3",Rovereto
319,"Via dei Mille, 6",Ala
320,Via della Roggia,Rovereto
321,"Via San Giovanni, 20",Mori
322,"Via Belluno, 4",Riva del Garda
323,"Via Terranera, 24/B",Mori
324,"Via Gardesana, 144/B",Malcesine
325,"Localit Francolini, 41",Folgaria
326,Via Vinco D.,Bosco Chiesanuova
327,"Via Antonio Abondio, 7",Riva del Garda
328,Localit San Tomaso,Riva del Garda
329,Via Menarini,Recoaro Terme
330,Via Fasse,Limone sul Garda
331,Via De Gasperi,Folgaria
332,Via Paina,Malcesine
333,"Via Carducci Giosue', 98",Folgaria
334,"Via Nazioni Unite, 21/B",Folgaria
335,"Via Morini, 26",Calliano
336,"Via Pomerio, 11",Arco
337,"Piazza Contini Maria, 5",Riva del Garda
338,Localit Sottodossi,Malcesine
339,Localit Maso Spilzi,Folgaria
340,"Via Casarino, 1",Ledro
341,"Localit Acquaviva, 4",Trento
342,"Via Piave, 84",Ledro
343,"Via San Tommaso, 69",Riva del Garda
344,"Via Nazioni Unite, 46",Folgaria
345,"Via Legionari Cecoslovacchi, 14",Arco
346,"Viale Tigli, 40",Riva del Garda
347,"Via Sommavilla, 12",Malcesine
348,"Via Cesare Battisti, 180",Sant'Anna d'Alfaedo
349,"Via Pomerio, 9",Arco
350,Via Brancafora,Pedemonte
351,"Frazione Azzolini, 82",Lavarone
352,"Frazione Gionghi, 107",Lavarone
353,"Via Marconi, 9",Caldonazzo
354,"Piazza dalla Chiesa Carlo Alberto, 1",Levico Terme
355,Viale Lido,Levico Terme
356,"Localit Barco, 3",Levico Terme
357,"Localit Lochere, 33",Caldonazzo
358,Localit Belvedere,Levico Terme
359,"Localita' Panarotta, 1",Levico Terme
360,"Localit Besta, 1",Ledro
361,"Via Capitello, 5",Storo
362,Via Ferme,Roncegno Terme
363,"Via Trieste, 7",Roncegno Terme
364,"Via Giuseppe Gozzer, 52",Borgo Valsugana
365,"Piazza Mercato, 12",Borgo Valsugana
366,"Localit Parco della Pieve, 1",Cavalese
367,Via Cermis,Cavalese
368,"Via Fratelli Bronzetti, 60",Cavalese
369,"Via Rossini, 3",Cavalese
370,"Zona San Lugano, 6",Trodena nel Parco Naturale
371,"Zona Artigianale, 26",Trodena nel Parco Naturale
372,"Localita' Lagorai, 3",Cavalese
373,"Corso Ausugum, 22",Borgo Valsugana
374,Passo di Lavaze',Ville di Fiemme
375,Via Lago,Tesero
376,Localit Stava,Tesero
377,"Via del Campo Sportivo, 16",Aldino
378,"Via Parma, 8",Bolzano
379,"Via Amedeo Avogadro, snc",Bolzano
380,"Via Resia, 84",Bolzano
381,"Piazza Fiera, 1",Bolzano
382,"Via Maso della Pieve, 5",Bolzano
383,Messeplatz 1 Bozen,Bolzano
384,"Via Cappuccini, 23",Appiano sulla Strada del Vino
385,"Via Georg Strasse, 25",Tires
386,"Via Dolomitenstrasse, 26/A",Nova Levante
387,"Via della Visitazione, 38",Bolzano
388,"Via Maso della Pieve, 11",Bolzano
389,"Via Santa Geltrude, 1",Bolzano
390,"Via Santa Geltrude, 54/56",Bolzano
391,"Via Luigi Cadorna, 25",Bolzano
392,"Piazza Don Bosco, 17",Bolzano
393,"Viale Druso, 20",Bolzano
394,"Via del Macello, 32",Bolzano
395,"Via San Giacomo, 158",Laives
396,Piazza De Navalge,Moena
397,"Via Orazio, 4/H",Bolzano
398,"Ischia Frizzi, 3/A",Vadena
399,"Strada Sasso Croce, 6",Appiano sulla Strada del Vino
400,"Strada Masaccio, 3",Appiano sulla Strada del Vino
401,"Via Museo, 33",Bolzano
402,"Via Unterwinkel, 5",Nova Ponente
403,"Via Carezza, 171",Nova Levante
404,"Via dei Grappoli, 15",Bolzano
405,"Via Galilei, 32",Bolzano
406,"Via Pietralba, 64",Laives
407,"Via Resia, 180",Bolzano
408,"Via Galvani, 34",Bolzano
409,"Via Resia, 39",Bolzano
410,"Via Resia, 39/A",Bolzano
411,"Viale Trieste, 21",Bolzano
412,"Via Aldo Moro, 9",Laives
413,"Viale Europa, 102",Bolzano
414,"Ponte Ponte Adige, 43",Bolzano
415,"Via Castel Firmiano, 43",Bolzano
416,"Via San Vigilio, 80/94",Bolzano
417,Via Maso Ronco,Appiano sulla Strada del Vino
418,"Via Vurza, 5",Laives
419,"Via Piero Agostini, 2",Bolzano
420,"Via Nazionale, 23",Bronzolo
421,"Via Aldino, 23",Bronzolo
422,Localit Navalge,Moena
423,"Via Monticolo, 80",Appiano sulla Strada del Vino
424,"Via Cappuccini, 25/A",Appiano sulla Strada del Vino
425,"Via dei Vanga, 77",Bolzano
426,"Via Obereggen - Eggen, 31",Nova Ponente
427,"Localita' Unterrain, 5",Nova Ponente
428,"Localit Stenk,, 6/C",Nova Ponente
429,"Localita' Stenk, 6",Nova Ponente
430,"Piazzale degli Alpini, 2",Roana
431,"Via Campana, 7",Tonezza del Cimone
432,Via Maggiore,Roana
433,"Via Repubblica, 17",Gargnano
434,Via Fogazzaro,Torrebelvicino
435,"Via Istria, 30",Schio
436,"Via Ticino, 10",Schio
437,Via Lago Smeraldo,Borgo d'Anaunia
438,"Via Cadorna Luigi, 6",Bolzano
439,"Via Brescia, 49/2",San Pancrazio
440,"Zona Artigianale, 156",San Pancrazio
441,"Via Stazione, 35",Gargazzone
442,"Via Merano Vilpiano, 50",Terlano
443,"Strada Riva di Sotto, 74",Appiano sulla Strada del Vino
444,"Via Brandis, 13",Lana
445,"Via Bottai, 6",Lana
446,"Via Dr. J. Koellensperger, 8",Lana
447,"Via Knoller Martin, 8",Bolzano
448,"Viale Principe Eugenio di Savoia, 11/A",Bolzano
449,"Via San Maurizio, 56",Bolzano
450,"Via Stazione, 1",Asiago
451,Via Latifondi,Valbrenta
452,"Via Meltar, 2",Asiago
453,"Piazza della Stazione, 1",Asiago
454,"Via Roma, 1",Gallio
455,"Via Verdi, 19",Asiago
456,"Via Nazionale, 62/C",Merano
457,"Via Prati, 12",Lana
458,"Zona Industriale, 14",Lana
459,"Via Kravogl Johann, 31",Merano
460,"Via Castel Novale, 26",Bolzano
461,"Via Zona Industriale, 17",Lana
462,"Zona Industriale, 17/A",Lana
463,"Via Maier, 1",Postal
464,"Via Palade, 1/B",Cermes
465,"Via Parrocchia, 14",Bagolino
466,Localit Tassaiole,Albiano
467,"Via Riboli, 8",Schio
468,"Via Tuzzi, 33",Schio
469,"Via Manin Daniele, 1",Schio
470,"Via Pozza, 27",Schio
471,"Via Marconi Guglielmo, 14",Schio
472,"Via Tuzzi, 55/H",Schio
473,"Via del Grumo, 6",Santorso
474,Via San Michele,Idro
475,"Via Porto San Felice, snc",San Felice del Benaco
476,"Via Montessori Maria, 20",Sal
477,"Via Praes, 61",Odolo
478,"Via Montessori Maria, 1",Sal
479,Via Nuova,Preseglie
480,"Via Maniva, 84",Collio
481,"Viale Avanzi Orsolina, 64",Gavardo
482,"Via Goffredo Mameli, 1",Ro Volciano
483,"Viale Orsolina Avanzi, 61",Gavardo
484,"Via Valle, 8",Sal
485,"Via Mameli Goffredo, 1",Ro Volciano
486,"Via del Golf, 21",Toscolano Maderno
487,"Via Galaello, 23",Preseglie
488,Via Galvano Giori,Vestone
489,"Largo Dante Alighieri, 5",Sal
490,"Piazza Santa Maria del Benaco, 3",Toscolano Maderno
491,Via Europa,Sal
492,"Piazzale Donatori di Sangue, 1",Sal
493,"Via Sottostrada, 52",Vobarno
494,"Via Santa Maria, 26",Bienno
495,"Via Caduti del Lavoro, 6",Bienno
496,Via Benvenuti,Sal
497,Via Federico Bagozzi,Collio
498,"Via Merlo, 63",Valbrenta
499,"Via Orthal, 3",Asiago
500,Via XXV Aprile,Valbrenta
501,Via Cesare Pavese,Folgaria
502,"Via Mercato, 48",Laces
503,"Via Gries, 2",Castelbello-Ciardes
504,"Viale dello Sport, 14",Caprino Veronese
505,"Via Progni, 48",Fumane
506,Via Domenico da Lugo,Grezzana
507,"Piazzetta Don Antonio Quarella, 1",Rover Veronese
508,"Localita' Vignol, 1",Caprino Veronese
509,"Via Tiro a Segno, 1",Caprino Veronese
510,"Via Scuderie, 37",Merano
511,"Via delle Palade, 140",Merano
512,"Via del Piz, 7",Canazei
513,"Streda De Doleda, 8",Canazei
514,"Strada Pedraces, 40",Badia
515,"Via Dolomiti, 33",Campitello di Fassa
516,"Strada Dantercepies, 16",Selva di Val Gardena
517,"Via Planac, 9",Corvara in Badia
518,"Strada Nives, 17",Selva di Val Gardena
519,"Via Rezia, 10",Ortisei
520,"Via San Senese, 1",La Valle
521,"Via De Gasperi Alcide, 65",Alleghe
522,"Localita' Gries, 14/B",Chiusa
523,"Strada Arnaria, 43",Castelrotto
524,"Via San Vigilio, 20",Castelrotto
525,"Via Lungo Lago, 18",Alleghe
526,"Strada Ninz, 9",Badia
527,"Via Serenissima, 2",Alleghe
528,"Via Lungolago, 18",Alleghe
529,"Via Arnaria, 3",Ortisei
530,"Viale Ingelheim, 8",San Pietro in Cariano
531,"Via Omero Speri, 2",San Pietro in Cariano
532,"Via Ghiandare, 2",Costermano sul Garda
533,"Via Beethoven Ludwig Van, 3",San Pietro in Cariano
534,"Viale Olimpia, 14",Grezzana
535,"Via delle Palade, 74",Merano
536,"Via Gustav Flora, 29",Naturno
537,Via Medaglie D'Argento,Sellero
538,Localit Canneto,Paspardo
539,"Via San Gaudenzio, 14",Paspardo
540,"Via Marconi, 38",Cevo
541,"Viale dello Sport, 20",Zan
542,"Viale Industria, 96",Schio
543,"Via Liviera, 4",Schio
544,"Via Garziere, 61",Santorso
545,Via Monte Pau',Carr
546,"Viale Industria, 90",Schio
547,"Via Lago di Lugano, 5",Schio
548,"Via Rosim, 39",Stelvio
549,"Localit Pr De Sot, 20",San Giovanni di Fassa-Sn Jan
550,"Campo Sportivo Calcio, 1",Trento
551,"Via Masi Simonetti, 51",Belluno
552,"Via Vittorio Veneto, 293",Belluno
553,Via Olimpia,Limana
554,Via Nongole,Belluno
555,Via Bios,Belluno
556,"Via Fisterre, 9",Belluno
557,"Via Mezzaterra, 70",Belluno
558,"Localita' Cavassico Inferiore, 201",Borgo Valbelluna
559,"Via Goffredo Mameli, 108",Belluno
560,"Via Gabelli Aristide, 2",Belluno
561,"Via Masi Simonetti, 52",Belluno
562,"Via Nuova Erto, 47",Ponte Nelle Alpi
563,"Via Rosselli Fratelli, 250",Belluno
564,"Via Molin, 7",Val di Zoldo
565,"Via Piave, 46",Merano
566,"Via Cornetto, 3",Valdagno
567,"Via Saletti, 6",San Vito di Leguzzano
568,Via Papa Giovanni XXIII,Schio
569,Via dello Sport,Valdagno
570,Via Gramsci,Schio
571,"Via Tomba Antonio, 5",Valdagno
572,Via Colombo,Valdagno
573,"Lungo Agno Manzoni A., 15",Valdagno
574,"Via Carducci Giosue', 5",Valdagno
575,"Via Monte Ortigara, 18",Cornedo Vicentino
576,Ciclovia Adige-Garda; Villanuova,Mori
577,Centro Sportivo; Piazza Generale Carlo Alberto Dalla Chiesa,Levico Terme
578,Campo Don G. B. Giacomelli; Strada Provinciale di Trambileno,Trambileno
579,Via Lungo Leno destro; Santa Maria,Rovereto
580,Via all'Éngherle; Piazza,Garniga Terme
581,Palestra Romarzollo; Via Giosuè Carducci,Arco
582,Vigili del fuoco volontari di Volano; Via Giuseppe Zucchelli,Volano
583,Happy Ranch; Strada Provinciale 96 del Lago Santo,Cembra Lisignago
584,Bocciodromo; Via Giardini,Villa Lagarina
585,Vasca Olimpionica 50m; Via Antonio Fogazzaro,Trento
586,Via Guido Polo; Canova,Trento
587,Centro Sportivo Trento Nord; Via 4 Novembre (1918),Trento
588,Via Venezia; Corallo,Trento
589,Pista Ciclabile Arco-Riva; Alboletta,Riva del Garda
590,Via Celestino Eccher; Alboletta,Riva del Garda
591,Via Fersina; Clarina,Trento
592,Via Hubert Jedin; Clarina,Trento
593,Via del Maso Smalz; Clarina,Trento
594,Skatepark Trento; Via Hubert Jedin,Trento
595,Campo Calcio Talamo; Via Hubert Jedin,Trento
596,Campo calcio Trentinello; Via Hubert Jedin,Trento
597,Campo Calcio Orione; Via delle Ghiaie,Trento
598,"Campo atletica CONI ""Covi-Postal""; Via Lavisotto",Trento
599,"Campo ""Carlo Prada""; Via Lavisotto",Trento
600,Galleria Martignano; Marnighe,Trento
601,Centro sportivo Argentario; Via Bassano,Trento
602,Via Tullio Odorizzi; Man Sant'Antonio,Trento
603,Via Valnigra; Negrano,Trento
604,Campo Sintetico; Via Castel di Pietrapiana,Trento
605,Via Cesare Abba; Bolghera,Trento
606,Via Dòs Trento; Piedicastello,Trento
607,Centro sportivo Vela; 23b,Trento
608,PalaBocchi; Via beato Lodovico Pavoni,Trento
609,Via Monsignor Celestino Endrici; Clarina,Trento
610,Via Brione; Sant'Alessandro,Riva del Garda
611,Pön - Via Costalta; Tetsch - Tezze,Lusérn - Luserna
612,Via dei Gregiati; Buss,Pergine Valsugana
613,Mille pini; Val de Nao,Ricaldo
614,Piazzale Ergolding; Mattarello di Sotto,Trento
615,Via Filari Longhi; Maso Stella,Trento
616,Campo Calcio Ravina; Via Primo Maggio,Trento
617,Via dei Gregiati; Madrano,Pergine Valsugana
618,Campo Naturale; Via alla Cros,Trento
619,Località Caolorine; Vigolo Vattaro,Altopiano della Vigolana
620,Via Marmolada; Serso,Pergine Valsugana
621,Via di San Péro; Casalino,Pergine Valsugana
622,Viale Petri; Zivignago,Pergine Valsugana
623,campo sportivo Isera; Via della Coperazione,Isera
624,Via Tagliamento; Lizzana,Rovereto
625,Via della Repubblica; Bolognano,Arco
626,Viale San Lorenzo; Sarnonico,Sarnonico
627,Via Petrarca; Brazzaniga,Pergine Valsugana
628,Via Giovanni Ventitreesimo; Villanuova,Mori
629,Via Francesco Biasi; Grumino,San Michele all'Adige
630,Via Cavalleggeri Udine; Mezzolombardo,Mezzolombardo
631,Via Zotti; Borgo Sacco,Rovereto
632,Campo oratorio; Via Monte Ortigara,Rovereto
633,Via San Giovanni Bosco; Mezzocorona,Mezzocorona
634,Campo da Calcio di Daiano; Maso Pozal,Daiano
635,Circolo Tennis Arco; Via A. Giovanazzi,Arco
636,Campo Rugby; Pista ciclabile Alexander Langer,Rovereto
637,Centro sportivo Fucine; Via Leonardo da Vinci,Rovereto
638,Decollo parapendio Molveno (Pradel); Footpath to take-off site,Molveno
639,"Centro Sportivo ""Ito del Favero""; Via Angelo Bettini",Trento
640,Via Galassa; Grotta di Villazzano,Trento
641,PalaFolgaria; Via Nazioni Unite,Folgaria
642,Via Alcide De Gasperi; Costa di Folgaria,Folgaria
643,Centro Sportivo Mauro Marzari; Via Alcide De Gasperi,Folgaria
644,"Istituto Tecnico Tecnologico ""Michelangelo Buonarroti""; 15",Trento
645,Circolo Ippico La Roccia; 33,Trento
646,Campo Polifunzionale; Via del Bosco,Altopiano della Vigolana
647,Largo Caduti delle Foibe; Alboletta,Riva del Garda
648,Centro Sportivo Trilacum; Ciclovia dei laghi,Trento
649,Via di Copaselve; Monte Terlago,Vallelaghi
650,Centro Sportivo Mario Lona; Località Torbisi,Lavis
651,Viale del Lido; Maso Puller,Pergine Valsugana
652,Ciclovia della Valsugana; Calceranica al Lago,Calceranica al Lago
653,Via Pozza; Vattaro,Altopiano della Vigolana
654,Campo Calcetto; Via Vicenza,Altopiano della Vigolana
655,Circolo Tennis Trento; Via Venezia,Trento
656,Località Torbisi; Felti,Lavis
657,Bocciodromo; Via Enrico Fermi,Trento
658,Via dei Caduti di Sardagna; Piedicastello,Trento
659,Becarine; Fadana,Cembra Lisignago
660,"Campo ""Mirko Bonetti""; Via Renato Lunelli",Trento
661,Vicolo Fossà; Torbole,Nago-Torbole
662,Viale Mazzini; Felti,Lavis
663,Via Nazioni Unite; Folgaria,Folgaria
664,Via Enrico Conci; Villazzano Tre,Trento
665,Campetto Sintetico; Via Castel di Pietrapiana,Trento
666,Via San Rocco; Portolo,Pergine Valsugana
667,Pista motocross; SP8,Pergine Valsugana
668,Via Giuseppe Verdi; Redi,Bedollo
669,Strada Statale 612 della Val di Cembra; Predaia,Predaia
670,Via ai Pizedi; Zava,Pergine Valsugana
671,Via Eugenio Prati; Aonè,Caldonazzo
672,Via Christoph H. Von Hartungen; Sant'Alessandro,Riva del Garda
673,Parco Porte; Dosso,Trambileno
674,Campo dell'Oratorio; Via Cesare Battisti,Dro
675,Campo da calcio; Via Don Lucillo Sartori,Ledro
676,Via don Giuseppe Calovi; Fadana,Cembra Lisignago
677,Pra delle Moneghe; Via Santa Croce,Rovereto
678,Centro polivalente di Darzo Carlo Maffei; Via Capitello,Storo
679,"Centro Sportivo ""Don Onorio Spada""; Via Valnigra",Trento
680,Via di Soprè; Frapporta,Tenno
681,Località Roncaglie; Deva,Riva del Garda
682,Circolo Tennis Torbole; Strada Granda,Nago-Torbole
683,Via Nazionale del Brennero; Rovereto,Rovereto
684,Campo da tamburello; Via Nazionale del Brennero,Rovereto
685,SP8; Pintarei,Sant'Orsola Terme
686,SP58; Masen,Giovo
687,Chizzola; Via ing. Settimo Viesi,Ala
688,Maso Coflari; Cavareno,Cavareno
689,Via 3 Novembre; Corné,Brentonico
690,Via Marcolini; Calliano,Calliano
691,Intecomunale Nomi Calliano; SP59,Calliano
692,Centro sportivo Santa Caterina; Via Elviro M. Andriolli,Brentonico
693,Strada Statale 47 della Valsugana; Melta di Gardolo,Trento
694,Via 25 aprile 1945; Melta di Gardolo,Trento
695,Via Vanzetti; Besenello,Besenello
696,Via Alcide De Gasperi; Sottocastello,Besenello
697,Via Achille Romani; Beccacchè,Rovereto
698,Strada Statale 50 del Grappa e Passo Rolle; Melai,Mezzano
699,Strada di Bagnes; Pozza di Fassa - Poza,San Giovanni di Fassa - Sèn Jan
700,Tennis; Strada di Bagnes,Pozza di Fassa - Poza
701,SS237; Bersaglio,Borgo Chiese
702,Rene; Strada de Pucia,Sèn Jan
703,Lungadige Louis Braille; Cristo Re,Trento
704,Strèda Dò Ruf; Mazzin - Mazin,Mazzin
705,Centro Sportivo Ischia; Strèda Dolomites delle Dolomiti,Campitello di Fassa
706,Localita' Ischia; Pian,Campitello di Fassa
707,Via della Ruina Dantesca; Marco,Rovereto
708,Campo Sportivo Cerfenal; Via Cerin,Tesero
709,Via Giardini; Piazzo,Villa Lagarina
710,Via Bresadola; Cavalese,Cavalese
711,Via Chelodi; Cavalese,Cavalese
712,Campo da calcio di Transacqua; Via Lungo Canali,Primiero San Martino di Castrozza
713,Via Lungo Canali; Fol,Primiero San Martino di Castrozza
714,Via dello Sport; Pieve,Primiero San Martino di Castrozza
715,Velosolutions; Piana di Siror,Primiero San Martino di Castrozza
716,Via dei Forti; Sevror,Valdaone
717,Viale dei Tigli; Alboletta,Riva del Garda
718,Via Capitello; Darzo,Storo
719,Centro Sportivo Darzo Carlo Maffei; Via Capitello,Storo
720,Viale Giancarlo Maroni; Sant'Alessandro,Riva del Garda
721,Bocciodromo; Via Molini,Riva del Garda
722,Via Giuseppe Garibaldi; Ca' Rossa,Storo
723,Via Filanda; Alboletta,Riva del Garda
724,Via alla Malga; Susà,Pergine Valsugana
725,Pista Ciclabile Val Rendena; Bocenago,Bocenago
726,Pista Ciclabile Val Rendena; Caderzone Terme,Caderzone Terme
727,Pista Ciclabile Val Rendena; Strembo,Strembo
728,Campo da calcio; Via Roen,Amblar-Don
729,Via della Fossa; Vigne,Arco
730,Centro Sportivo Guaita; Via Guaita,Dro
731,campo calcio 2; Pista Ciclabile Val Rendena,Caderzone Terme
732,via Nazionale; Panchià,Panchià
733,Via Rogge; Predaia,Predaia
734,Via Pale; Villaggio Veronza,Ville di Fiemme
735,Centro Benessere Aretè Club; Passeggiata degli Alpini,Ville di Fiemme
736,Via per Cognola; San Donà,Trento
737,Viale Segantini; Levico Terme,Levico Terme
738,Via San Biagio; Levico Terme,Levico Terme
739,Strada Roma; Sèn Jan,Vigo di Fassa - Vich
740,Via Paredon; Villaggio Veronza,Ville di Fiemme
741,Via Suta li Casi; Vadaione,Giustino
742,Stadio comunale; Via Pineta,Pinzolo
743,Via Nuova; Pieve di Ledro,Ledro
744,Via Vittorio Veneto; Clarina,Trento
745,Via Fratelli Perini; Clarina,Trento
746,"Collegio Arcivescovile ""Celestino Endrici""; 23",Trento
747,Via Leonardo da Vinci; Borgo Sacco,Rovereto
748,Polsa Tennis Camp; Via Monte Baldo,Brentonico
749,Palagarda; Via Santa Caterina,Riva del Garda
750,Via San Giorgio; San Giorgio,Arco
751,Via Cavalier Camillo Collotta; Bezzecca,Ledro
752,Via della Roggia; Lizzanella,Rovereto
753,Circolo tennis Baldresca; Via della Roggia,Rovereto
754,Circolo Tennis Villa Lagarina; Via Sagrà Vecio,Villa Lagarina
755,Campo da tennis; Viale Lodron,Villa Lagarina
756,Ex Strada Statale 43 tratto Sabino - Rocchetta; Ceramica,Ton
757,Via Roma; Isera,Isera
758,Via degli Alpini; Vila,Ton
759,Via Conc; Vila,Ton
760,Pignolè; Dòs,Ton
761,Via alla Santa; Castel La Santa,Contà
762,Via Francesco Morigl; Mezzolombardo,Mezzolombardo
763,Via Milano; Mezzolombardo,Mezzolombardo
764,Via Guido Fiorini; Mezzolombardo,Mezzolombardo
765,Via Lomba; Villanuova,Mori
766,SS240; Villanuova,Mori
767,Due Laghi; 3,Levico Terme
768,Località Costa; Levico Terme,Levico Terme
769,Percorso d'abilità; Torbole,Nago-Torbole
770,Via della Cooperazione; Tierno,Mori
771,Via dell'Asilo; Meano di Sopra,Spormaggiore
772,Via Salvèz; Lover,Campodenno
773,Via San Rocco; Meano di Sopra,Spormaggiore
774,Via Campo Sportivo; Flavon,Contà
775,Via Pezzol; Sporminore,Sporminore
776,Strada Provinciale 73 Destra Anaunia; Anglar,Denno
777,Via Pozze; Maso Testoni,Campodenno
778,Via Giovanni Prati; Pannone,Mori
779,Campo da Tamburello; 14-18,Mori
780,Pista Ciclabile Val di Fiemme e Fassa; Masi di Cavalese,Cavalese
781,Via Trento; Santa Lucia,Ala
782,Piazza Giovanni Battista Garzetti; Bolghera,Trento
783,SP235; Maso Rosabell,Nave San Rocco
784,Via Giosuè Carducci; Vigne,Arco
785,Via cardinale Cristoforo Madruzzo; Bolghera,Trento
786,Viale Verona; Clarina,Trento
787,Via Marsala; Bolghera,Trento
788,Via Ponta; Volano,Volano
789,Via Stazione; Volano,Volano
790,Palestra Comunale; Via Alverio Raffaelli,Volano
791,Campo Sportivo Oltresarca; Via Scipio Sighele,Arco
792,Via Soccesure; Vignole,Arco
793,Via Lungolago; Mezzolago,Ledro
794,Via Maffei; Molina di Ledro,Ledro
795,Via Pomerio; Caneve,Arco
796,Via del Mas Goset; Maso Callianer,Lavis
797,Piazzale Carlo Merler; Panté di Sotto,Trento
798,Via Don Tommaso Dallafior; Panté di Sotto,Trento
799,Via Giuseppe Giusti; Clarina,Trento
800,Campo sportivo; 1. BEGHEL TRAIL,Segonzano
801,Via Nazionale - Strada Provinciale 71 Fersina - Avisio; Lases,Lona-Lases
802,Campo sportivo; Strada Statale 612 della Val di Cembra,Altavalle
803,Via Piave; Bolghera,Trento
804,Via padre Eusebio Chini; San Bartolomeo,Trento
805,Viale Verona; San Bartolomeo,Trento
806,Campo sportivo; Frazione Casal,Segonzano
807,Località Priori; Maso Daldoss,Cavedago
808,Via Driopozzo; Brione,Rovereto
809,Strada Provinciale 71 Fersina - Avisio; Villaggio,Valfloriana
810,C; Strada Statale 421 dei Laghi di Molveno e Tenno,Tenno
811,Via San Vito; Pez,Cles
812,Velodromo; anello di 1km pedonale e ciclabile,Cles
813,Centro dello Sport e del Tempo Libero; anello di 1km pedonale e ciclabile,Cles
814,anello di 1km pedonale e ciclabile; Mechel,Cles
815,Via Doss di Pez; Pez,Cles
816,Centro sportivo Argentario; Via Ponte Alto,Trento
817,Strada Statale 421 dei Laghi di Molveno e Tenno; Frapporta,Tenno
818,Scola Popolèra e Scola Mesèna de Poza; Strada Dolomites,Sèn Jan
819,Campo Sportivo; Via Riccardo Zandonai,Roveré della Luna
820,Tennis; Via Riccardo Zandonai,Roveré della Luna
821,Via Antonio Pranzelores; Centochiavi,Trento
822,Via Re di Castello (già Via Dante); Daone,Valdaone
823,Via Chionesi; Basiano,Pomarolo
824,Viale Lido; Levico Terme,Levico Terme
825,Campo; SP22dir,Brentonico
826,Via Don A. Tamanini; Grumino,San Michele all'Adige
827,Campo da Tennis; Via Caffaro,Madruzzo
828,Campo Sportivo; Via Francesco Trentini,Madruzzo
829,Località Oltra; Dro,Dro
830,Centro Sportivo Oltra; Località Oltra,Dro
831,Pista di Allenamento; Brusino,Cavedine
832,Campo da Calcio; Pista di Allenamento,Cavedine
833,Via dei Pastei; Molina di Ledro,Ledro
834,Centro Polifunzionale; 17,Trento
835,Strada Provinciale 84 di Cavedine; Drena,Drena
836,Campo di Tamburello; Strada Provinciale 84 di Cavedine,Dro
837,Rech-Hof Tennis; Via Andrea Maffei,Folgaria
838,Muu Village; Negheli,Folgaria
839,Moda Sport; Piazzetta Alfredo Cuel,Folgaria
840,Via Madruzzo; Saone,Tione di Trento
841,Strada Provinciale dei Francolini; Erspameri,Folgaria
842,Circolo Tennis; Via Cav. Leonida Righi,Tione di Trento
843,Via Adamello; Cantes,Tione di Trento
844,Campo Albaredo; Albaredo - Zugna,Rovereto
845,Via Sottodossi; Mezzocorona,Mezzocorona
846,Strada forestale delle Longhe; Monte di Mezzocorona,Mezzocorona
847,Località Monte; Monte di Mezzocorona,Mezzocorona
848,Bastie; Via Monte Corno,Ala
849,"Stadio ""Mutinelli""; Via Alessandro Mondini",Ala
850,Via Lega Nazionale; Cueli,Folgaria
851,Casae; SS46,Vallarsa
852,Campo di Calcio AC Fassa; Strada de l'Ancona,Sèn Jan
853,Strada di Pré de Sot; Sèn Jan,San Giovanni di Fassa - Sèn Jan
854,Antistadio Quercia; Via Bonporti,Rovereto
855,Via Bonporti; Brione,Rovereto
856,Via Scuole; Belvedere,Nogaredo
857,Parco Perlè; Via Fornace,Ala
858,Crossodromo Ai Laghi; Strada Magnone,Tenno
859,Località Maso Inon; Maso Inon,Nave San Rocco
860,Via per Cesana - Candriai; Candriai,Trento
861,Via dei Falchi - Vanéze; Vaneze,Trento
862,Via del Rio Ponticelli; Vervò,Predaia
863,Senter del Guardia; Caltron,Cles
864,Via del Mas Brusa'; Marilleva,Mezzana
865,Via del Pressenach; Marilleva,Mezzana
866,Via Dente di Sella; Pinzolo,Pinzolo
867,Via di Sotto Pila; Fucine,Ossana
868,Via San Bartolomeo; Passo Tonale,Vermiglio
869,Via Pablo Picasso; Serrada,Folgaria
870,Via Stazione; Zanolin,Ziano di Fiemme
871,Sferisterio comunale di Tesero; Pista Marcialonga,Tesero
872,Centro del Fondo Fiemme 2013; Pista Stadio del Fondo,Tesero
873,Via San Paolo; Placeri,Rumo
874,Via al Sarca; Patascoss,Pinzolo
875,Via Zeledria; Fortini,Pinzolo
876,Via Vaglianella; Campo Carlo Magno,Pinzolo
877,Via per Marilleva; Marilleva 1400,Mezzana
878,Via Priori; Andalo,Andalo
879,Via Del Parco; Andalo,Andalo
880,Viale Trento; Doss,Andalo
881,Via Lungolago; Molveno,Molveno
882,lungo lago; Molveno,Molveno
883,Via dei Óri; Cortalta,Fai della Paganella
884,SS237; Pradibondo,Sella Giudicarie
885,Via San Michele; Mezzocorona,Mezzocorona
886,Ciclovia dei laghi; Terlago,Trento
887,Campo sportivo Meano; Via di Camparta Media,Trento
888,Via degli Alpini; Taio,Predaia
889,Via Talvera; Canova,Trento
890,Località Aicheri; Pressano,Lavis
891,Piazza di Canova; Canova,Trento
892,Strada Provinciale 225 di Santa Colomba; Barco di Sopra,Albiano
893,Via delle Palazzine; Palazzine,Trento
894,Via Ferme; Maso Vazzena,Roncegno Terme
895,Via per Borgo; Maso Vazzena,Roncegno Terme
896,Viale Roma; Cadenzi,Roncegno Terme
897,Raccordo al casello sud; Maso Stella,Trento
898,Via Al Palazzo; Strada,Pieve di Bono-Prezzo
899,Bocciodromo; Piazzale Ergolding,Trento
900,Via Trento; Fevri,Tre Ville
901,Campo Sportivo Preore; Via Filippo Serafini,Tre Ville
902,Strada Provinciale 34 del Lisano e Sesena; Preore,Tre Ville
903,Bocciodromo Sesena; 1,Tre Ville
904,Pista Ciclabile Val Rendena; Tre Ville,Tre Ville
905,Via Cesena; Preore,Tre Ville
906,Via di Mura; Sopramonte,Trento
907,Via Doss Serra; Castel Condino,Castel Condino
908,Strada forestale Monumento; Castel Condino,Castel Condino
909,Località Campo Sportivo; San Rocco,Fornace
910,Strada di Seregnano; Seregnano,Civezzano
911,Via Murialdo; Orzano,Civezzano
912,Via Val dei Sari; Zetri,Fornace
913,Campo volo levico; SP134 destra Centa,Levico Terme
914,Strada Provinciale 96 del Lago Santo; Cembra Lisignago,Cembra Lisignago
915,Via Guglielmo Marconi; Zivignago,Pergine Valsugana
916,Via Amstetten; Fornaci,Pergine Valsugana
917,Scuola Secondaria di Primo Grado Tullio Garbari; Viale Dante,Pergine Valsugana
918,Via dei pescatori; Maso Puller,Pergine Valsugana
919,Camping Val Malene; Strada Val Malene - Brocon,Pieve Tesino
920,Centro sportivo comunale; Strada del Menador,Caldonazzo
921,Via Vegri; Caldonazzo,Caldonazzo
922,Via Primo Maggio; Masi Panocini,Cinte Tesino
923,Via Gilberto Buffa; Bosco Santa Maria,Pieve Tesino
924,centro sportivo Parti; Via fratelli Gino e Ivo Mascarello,Castello Tesino
925,Strada forestale Monte Lefre; Quintasana,Pieve Tesino
926,Via alla Rocchetta; Ospedaletto,Ospedaletto
927,Via dei Prati magri; Lusumina,Bieno
928,Via Santa Apollonia; Col Fatero,Castel Ivano
929,Campo sportivo; Via Beniamino Donzelli,Scurelle
930,Campo tennis; Via Beniamino Donzelli,Scurelle
931,Località Ortisè; Nale,Carzano
932,Via Castelnuovo; Formighero,Carzano
933,Via Diciotto Settembre; Formighero,Telve
934,Via Giovanni Segantini; Borgo Valsugana,Borgo Valsugana
935,Strada panoramica della Valsugana; Molini,Torcegno
936,Centro sportivo Molini; Via della Fontana,Torcegno
937,Via Trento; Castelnuovo,Castelnuovo
938,Via delle Regole; Regole,Trento
939,Via A. Bertolini; Romallo,Romallo
940,???; Cavareno,Cavareno
941,Via G. Canestrini; Predazzol,Revò
942,Via Fontana Nuova; Fontana Nuova,Bresimo
943,Campo da Tennis; Via Villa di Sotto,Amblar-Don
944,Via Bridi; Viar,Cis
945,Via di Sant'Antonio; Romeno,Romeno
946,Via di Rumo; Varollo,Livo
947,Via Santo Stefano; Santa Maria,Cloz
948,Viale Bellavista; Malosco,Malosco
949,Via Bernardo Clesio; Ronzone,Ronzone
950,"Via Pineta; Villaggio ""Ai Pini""",Ronzone
951,Via Frank Borzage; Ronzone,Ronzone
952,Bocciodromo Comunale; Via dei Caduti,Pergine Valsugana
953,Campo da Tennis; Via Riccardo Zandonai,Dro
954,Via Antonio Stoppani; Vezzano,Vallelaghi
955,Via delle Albere; Pianezze,Aldeno
956,Centro Sportivo Albere; Via delle Albere,Aldeno
957,Strada Provinciale Destra Adige; Pianezze,Aldeno
958,Ata Cesare Battisti; Via Fersina,Trento
959,Via di Mezzo Lago; Maso Osler,Pergine Valsugana
960,Via della Chiesa; Masetti,Pergine Valsugana
961,Via del Prà de la Fiera; Sanzeno,Sanzeno
962,Via della Cooperazione; Casez,Sanzeno
963,Via Senatore Enrico Conci; Tuenetto,Predaia
964,Via Ottorino Carletti; Cortalta,Fai della Paganella
965,Via Risorgimento; Cortalta,Fai della Paganella
966,Campo da Tennis sintetico; Via Temola,Predaia
967,Via Aeroporto; Canova,Trento
968,Via Mulini - Strada Provinciale 215 di Pampeago; Tesero,Tesero
969,Via Coronella; Zanolin,Ziano di Fiemme
970,Piazza Italia; Zanolin,Ziano di Fiemme
971,"Scuola secondaria di primo grado ""Giovanni Ciccolini""; 4",Via Trento
972,Via alla Croce; Molini,Malé
973,Via a Senda; Coredo,Predaia
974,Via delle albere; Taio,Predaia
975,Via dei Cini; Vion,Predaia
976,Via San Camillo de Lellis; Belvedere,Peio
977,Viale Merlonga; Smarano,Predaia
978,Via Giovanni Meneghelli; Smarano,Predaia
979,Via Tres; Sfruz,Sfruz
980,Via Mur; Tavon,Predaia
981,Via Quattro Ville; Tuenno,Ville d'Anaunia
982,Via di Santo Spirito; Sanzenone,Ville d'Anaunia
983,Via Loredi; Tuenno,Ville d'Anaunia
984,"Strada Provinciale 13 della Predaia ""diramazione Vervò""; Smarano",Sfruz
985,Via Roma; Nomi,Nomi
986,Località Sentieri; Raina,Castelfondo
987,SP131; Maso Roncador,Giovo
988,Via del Dos Pules; Valternigo di Giovo,Giovo
989,SP58; Faedo,Giovo
990,via Pistol; Valternigo di Giovo,Giovo
991,"Strada Provinciale 131 del Vino ""1° Tronco diramazione Verla""; Maso Roncador",Giovo
992,Via Cadrobbi; Ville,Giovo
993,Via delle Laste; Residence Laste Argentario,Trento
994,Via Roma; Sièga,Castel Ivano
995,Via del Murazzo; Paoli,Scurelle
996,Stadio Briamasco; Via Roberto da Sanseverino,Trento
997,Via dei coniugi Rosetti; Gazzadina,Trento
998,Via Santi Pietro e Paolo; Gazzadina,Trento
999,Località Promeghin; Dolaso,San Lorenzo Dorsino
1000,Campo Sportivo «Don Santo Goio»; Via Lungolago,Molveno
1001,Molveno lower takeoff; Via Dolomiti,Molveno
1002,Via Venezia; Tenna,Tenna
1003,Via Variante; Tenna,Tenna
1004,Via dei Canacci; Ponte,Pellizzano
1005,Salita di Podrégn; Senaso,San Lorenzo Dorsino
1006,Via del Dòs de la Pianéta; Stenico,Stenico
1007,Via al Carbonil; Ranzo,Vallelaghi
1008,Strada per Nembia; Ranzo,Vallelaghi
1009,Via San Valentino; Padergnone,Vallelaghi
1010,Piazza Santa Margherita; Marter,Roncegno Terme
1011,Campo sportivo parco giochi; Via del Car - Strada Provinciale Bordala,Ronzo-Chienis
1012,SP48; Ronzo,Ronzo-Chienis
1013,Via delle Laste; Corallo,Trento
1014,Via Galileo Galilei; Bolghera,Trento
1015,Vicolo Santa Maria Maddalena; Bolghera,Trento
1016,Via della Selva di Vason; Vason,Trento
1017,Strada di Còrno - Vanéze; Vaneze,Trento
1018,SP83dir; Redi,Bedollo
1019,giardino Via Dòs Trento; Via Dòs Trento,Trento
1020,Strada Statale dei Laghi di Molveno e Tenno; Belfort,Spormaggiore
1021,SP143; Fondo Grande,Folgaria
1022,SP143; Erspameri,Folgaria
1023,Skate park; Via Tavernelle,Volano
1024,Campo sportivo di Varena; Via a Cantelger,Varena
1025,Via San Pio X; Clarina,Trento
1026,Via Ottaviano Rovereti; Clarina,Trento
1027,Campo da tennis; Strada Statale 421 dei Laghi di Molveno e Tenno,Comano Terme
1028,Frazione Sanra Croce di Bleggio Inferiore; Villa,Bleggio Superiore
1029,Strada Provinciale 5 del Bleggio; Cavaione,Bleggio Superiore
1030,SS350; Mezzomonte,Folgaria
1031,Via Fontanelle; Felti,Lavis
1032,Padel Club Cavalese; Via Roma,Cavalese
1033,Bocciodromo; Via Roma,Cavalese
1034,"Sentiero per ""Le Tane""; Molini di Faedo",San Michele all'Adige
1035,Località al Ponte; Cimego,Borgo Chiese
1036,Via Angelo Bettini; Man Malpensada,Trento
1037,Viale dei Tigli; San Bartolomeo,Trento
1038,Tangenziale Sud; Stella di Man,Trento
1039,Via La Sportiva; Javrè,Porte di Rendena
1040,SP2; Peltreri,Terragnolo
1041,Località Roncafort; Maso Rossi,Trento
1042,Via Don Giacomo Regensburger; Condino,Borgo Chiese
1043,Via San Vito; Cognola,Trento
1044,Via ai Camilastri; Maso Bergamini,Trento
1045,Via di Pradiscola; Maderno,Trento
1046,Via Bettega; Molveno,Molveno
1047,Via Ponte Lambin; Andalo,Andalo
1048,AcquaIN; 1,Andalo
1049,Via Giamaolle; Croce,Borgo Valsugana
1050,Piazza del Mercato; Onea,Borgo Valsugana
1051,Località alla Croce; Croce,Borgo Valsugana
1052,Strada de la Comunità de Fiem; Moena,Moena
1053,Tangenziale di Moena; Moena,Moena
1054,Campo da Basket - Comune di Soraga; Stradon de Fascia,Soraga di Fassa
1055,Campo da Calcio - Comune di Soraga; Stradon de Fascia,Soraga di Fassa
1056,Via Tommaso Gar; Bolghera,Trento
1057,Campo da tennis; Via Conca Verde,Amblar-Don
1058,Via Romani; Nomi,Nomi
1059,Via Margone; Maso Pez,Trento
1060,Viale Trento; Sant'Ilario,Rovereto
1061,Via Silvio Pellico; Brione,Rovereto
1062,Via Vicenza; Bolghera,Trento
1063,Campo sportivo; Via Alcide Degasperi,Calliano
1064,campo sintetico; Via Nailam,Isera
1065,Viale Dolomiti; Chiesa,Lavarone
1066,Via della Prada; Pizzano,Vermiglio
1067,Località rio Morbio; Baitoni,Bondone
1068,Via Bersaglio; Fontanedo,Sella Giudicarie
1069,Via Cesare Battisti; Ca' Rossa,Storo
1070,Via Bolzano; Canova,Trento
1071,Via Cimana; Villaggio Veronza,Ville di Fiemme
1072,Via Paolo Ravelli; Monclassico,Dimaro Folgarida
1073,Via alla Chiesa; Dimaro,Dimaro Folgarida
1074,Strada di Vòlta Bèla; Costa Rotian,Commezzadura
1075,SS42; Dimaro,Dimaro Folgarida
1076,Via dei Gallina; Ponte,Pellizzano
1077,Via dei Cavai; Belvedere,Peio
1078,Via Roma; Celledizzo,Peio
1079,Via della Borca; Celledizzo,Peio
1080,Via Giovanni Ciccolini; Terzolas,Terzolas
1081,Strada Provinciale 86 di Rabbi; Ost,Rabbi
1082,Via del Campo Sportivo; Cavizzana,Cavizzana
1083,Via della Pace; Folgaria,Folgaria
1084,Frazione Bertoldi; Bertoldi,Lavarone
1085,Strada Statale di Folgaria e Val d'Astico; Carbonare,Folgaria
1086,Via Antonio Canova; Girardi di Sopra,Folgaria
1087,Via Al Parco; Carbonare,Folgaria
1088,Via Benacense; Santa Maria,Rovereto
1089,Via del Sarca Vecchio; Torbole,Nago-Torbole
1090,Via Lago Smeraldo; Malosco,Malosco
1091,Sacra Famiglia; Via Baratieri,Rovereto
1092,Sacra Famiglia; Via Vittorio Veneto,Rovereto
1093,Via Europa; San Giorgio,Rovereto
1094,Skate Park Rovereto; Via Europa,Rovereto
1095,Strada Provinciale del lago di Cei; Castellano,Villa Lagarina
1096,Via Mazzola; Pilcante,Ala
1097,SP Sinistra Leno; Riva,Vallarsa
1098,Via per Fontanasanta; San Vito,Trento
1099,Via Pederzini; Lizzana,Rovereto
1100,Prà dal Tor (campo da calcetto su erba); Strada Provinciale 13 della Predaia,Predaia
1101,Strada di Cadine; Cadine,Trento
1102,Via Giovanni Ossanna; Anglar,Denno
1103,Via Verdi; Carisolo,Carisolo
1104,Via Roncac; Carisolo,Carisolo
1105,Via Salet; Carisolo,Carisolo
1106,Via allo stadio; Pinzolo,Pinzolo
1107,centrale; Via allo stadio,Pinzolo
1108,Via Pineta; Maso Giamai,Caldonazzo
1109,Maso del Sole - maneggio; Strada dei Catalani,Altopiano della Vigolana
1110,Via Luigi Bonazza; Maso Tòfoi,Altopiano della Vigolana
1111,Via del Priore; San Martino di Castrozza,Primiero San Martino di Castrozza
1112,Strada della Brigolina; Trento,Trento
1113,Parco centrale; Via Guglielmo Marconi,Caldonazzo
1114,Via per la Panarotta; Assizzi,Pergine Valsugana
1115,Salita Sant'Agata; Panté di Sopra,Trento
1116,Via del Bomport; Negrano,Trento
1117,Via Orti; Nago,Nago-Torbole
1118,Maroadi; Arco,Arco
1119,SP131; Maso Ingram,Lavis
1120,Via Montagnola; Brentonico,Brentonico
1121,Via Lucciole; Brentonico,Brentonico
1122,Via Monte Baldo; Brentonico,Brentonico
1123,Via Desiderio Reich; Mezzocorona,Mezzocorona
1124,Via Giardini; Villa Lagarina,Villa Lagarina
1125,Via Trento; Lavarone,Lavarone
1126,Via Calva; Baitoni,Bondone
1127,Strada de le Pegne; Sorte,Moena
1128,Via Montello; Bolghera,Trento
1129,Lungo Rimone Carlo Giovanni Caldini; Pergolese,Madruzzo
1130,Studentato San Bartolameo; Via della Malpensada,Trento
1131,Via della Malpensada; San Bartolomeo,Trento
1132,Via Hermann Gmeiner; Bolghera,Trento
1133,"Istituto di Istruzione ""Martino Martini""; 4",Mezzolombardo
1134,campetto; Via Rauti,Roveré della Luna
1135,Località La Vela; Campotrentino,Trento
1136,Ciclovia della Val di Sole; Le Contre,Caldes
1137,Via Giuseppe Garibaldi; Tuenno,Ville d'Anaunia
1138,Via Maiano; Pez,Cles
1139,Via delle Scuole; Coredo,Predaia
1140,Via alle glare; Taio,Predaia
1141,Via Thomas A. Edison; Taio,Predaia
1142,Via Pian; Dercolo,Campodenno
1143,Via della Calcara; Cunevo,Contà
1144,Strada Provinciale 67 di Lovernatico; Termon,Campodenno
1145,Via Salina; Lisignago,Cembra Lisignago
1146,Strada Statale 612 della Val di Cembra; Lisignago,Cembra Lisignago
1147,Strada Ad Avisio; Mosana,Giovo
1148,Cortile Grumes; Piazza Municipio,Altavalle
1149,Strada Provinciale 71 Fersina - Avisio; Scancio,Segonzano
1150,Frazione Piazzo; Piazzo,Segonzano
1151,Via Cesare Beccaria; Spini di Gardolo,Trento
1152,Passaggio del Balocher; Pristol,Lavis
1153,Strada di Vason; Vason,Trento
1154,Via Belvedere; Cavareno,Cavareno
1155,Tennis Halle; Via Roen,Cavareno
1156,Strada Forestale Bando; Santa Maria,Cloz
1157,Via Guglielmo Marconi; Cavareno,Cavareno
1158,Via Oreste Rauzi; Rivo,Brez
1159,Via G. Battisti; Tierno,Mori
1160,Via San Giovanni; Lambel,Mori
1161,Tennis Club Mori; Piazza S. Maria a Bindis,Mori
1162,Via Masetto Vecchio; Belvederi di Tezze,Grigno
1163,Via Cerere; Chiarano,Arco
1164,Camping Arco; 12,Arco
1165,Via Paolina Caproni Maini; Mogno,Arco
1166,Via Cappuccini; Mogno,Arco
1167,Via al Plaz; Banco,Sanzeno
1168,Area Verde; Via Giuseppe Garibaldi,Dambel
1169,"Scuola secondaria di primo grado ""Scipio Sighele""; 8",Riva del Garda
1170,Via Maria Montessori; Alboletta,Riva del Garda
1171,Via SS. Martiri D'Anaunia; Salter,Romeno
1172,Via Cesura de Nadác'; Calavino,Madruzzo
1173,Via Eliodoro Pedrini; Calavino,Madruzzo
1174,Centro sportivo Villa Agnedo; Via delle Capeline,Castel Ivano
1175,SS42; Mendola - Mendel,Ruffré-Mendola
1176,Via Bleggio; Stumiaga,Fiavé
1177,Via Martiri della Resistenza; Stumiaga,Fiavé
1178,Via Imperiale; Pieve di Ledro,Ledro
1179,Via Camillo Benso conte di Cavour; Felti,Lavis
1180,Via San Vito; San Vito,Trento
1181,Via dei Palustei; Gardolo di Mezzo,Trento
1182,Via delle Marògne; Stravino,Cavedine
1183,Località Volta di No; Fontanelle,Tenno
1184,Strada Statale 421 dei Laghi di Molveno e Tenno; Teggiole,Tenno
1185,A.S.D. Comano Terme Fiavè; Strada Statale 421 dei Laghi di Molveno e Tenno,Comano Terme
1186,Strada Statale 421 dei Laghi di Molveno e Tenno; Campo Lomaso,Comano Terme
1187,SP213dir Comano; Comano,Comano Terme
1188,Via degli Orti; Centrale,Pergine Valsugana
1189,Via don Sturzo; Maso San Valentino,Zambana
1190,Strada di Montevaccino; Argentario,Trento
1191,Via di Camparta Media; Meano Due,Trento
1192,Piazza Ovèno; Sopramonte,Trento
1193,Polo Scolastico di Levico Terme; Via della Pace,Levico Terme
1194,Via Pigio; Levico Terme,Levico Terme
1195,Via alle Pozze; Trebi,Cavedine
1196,Via Abate Pederzani; Pedersano,Villa Lagarina
1197,Via Monte Brione; Sant'Alessandro,Riva del Garda
1198,Poligono di tiro di Strigno; Via Pretorio,Castel Ivano
1199,Piscina comunale di Strigno; Via Pretorio,Castel Ivano
1200,Via Brione; Brione,Borgo Chiese
1201,A; Strada Statale 421 dei Laghi di Molveno e Tenno,Tenno
1202,B; Strada Statale 421 dei Laghi di Molveno e Tenno,Tenno
1203,Tennis; Strada del Pordoi,Canazei
1204,Strada de Prealon; Sorte,Moena
1205,Strada di So Ca'; Vigolo Baselga,Trento
1206,Strada di Vigolo Baselga; Vigolo Baselga,Trento
1207,Strada Statale dei Laghi di Molveno e Tenno; Maso Mattè,Cavedago
1208,SP125; Samoclevo,Caldes
1209,Via Dossi; Andalo,Andalo
1210,SP222; Bolbeno,Borgo Lares
1211,Ciclovia della Valsugana; Filippini,Grigno
1212,Strada della Marcesina - Die Barricata Straße; Grigno,Grigno
1213,Località Molini; S. Biagio,Malé
1214,Via dei Monti Pallidi; Susà,Pergine Valsugana
1215,Via Beata Giovanna Maria Bonomo; Borgo Valsugana,Borgo Valsugana
1216,Via Giuseppe Gozzer; Olle,Borgo Valsugana
1217,Pista Ciclabile Val Rendena; Preore,Tre Ville
1218,Campo di Tamburello; Sentiero delle Glare,Ville d'Anaunia
1219,Via Roma; Ivano,Castel Ivano
1220,Strèda de Cercenà; Canazei,Canazei
1221,Strèda de Cercenà; Campitello di Fassa,Campitello di Fassa
1222,Stadio del ghiaccio Gianmario Scola; Via Dolèda,Canazei
1223,Via di Ronco; Mione,Rumo
1224,SS42; Molini,Malé
1225,Via de le Ovene; Carbonara,Croviana
1226,Via Fasse; Condino,Borgo Chiese
1227,Via don Antonio Tosi; Ospedaletto,Ospedaletto
1228,Strada Provinciale 34 del Lisano e Sesena; Coltura,Tre Ville
1229,Via Giuseppe Cipelli; Biacesa di Ledro,Ledro
1230,Via di Carpeà; Enguiso,Ledro
1231,Frazione Agrone; Strada,Pieve di Bono-Prezzo
1232,Via Molino; Breguzzo,Sella Giudicarie
1233,Strada Statale 239 di Campiglio; Pimont basso,Pinzolo
1234,Via Caio Valerio Mariano; Piedicastello,Trento
1235,Via Anna Frank; Clarina,Trento
1236,Via Guido Tomasini; Ospedaletto,Ospedaletto
1237,Via Bastie; Ala,Ala
1238,Via Arturo Berteotti; Avio,Avio
1239,Viale al Parco - Strada Provinciale Destra Adige; Sabbionara,Avio
1240,Via Antonio Gazzoletti; Vignole,Arco
1241,Strada Provinciale del Monte Baldo; San Valentino,Brentonico
1242,Via Tegazzo; Fontanabotte,Pergine Valsugana
1243,Via degli Alpini; Nave San Rocco,Nave San Rocco
1244,Campo da calcio di Fraveggio; Strada Bellavista,Vallelaghi
1245,Via campagna; Faver,Altavalle
1246,Via dei Rossari; Montealto,Sover
1247,Via Giuseppe Garibaldi; Nosellari,Folgaria
1248,Frazione Lanzino; Lanzino,Lavarone
1249,Via Guglielmo Marconi; Cappella,Lavarone
1250,Via al Lago di Terlago; Terlago,Vallelaghi
1251,Via alle Oselere; Pramalga,Trento
1252,Fontana piazza Lundo; Frazione Lundo,Comano Terme
1253,Via del Massalon; Pontara,Cadrobbi
1254,Via di Camparta Media; Camparta Alta,Trento
1255,Via Borgonuovo; La Copara,Varena
1256,Via a Cantelger; La Copara,Varena
1257,Strada Provinciale 215 di Pampeago; Stava,Tesero
1258,Scuola Primaria di Canezza; 4,Pergine Valsugana
1259,Via Alessandro Volta; Clarina,Trento
1260,Strada Provinciale 16 del Colle di Tenna; Tenna,Tenna
1261,Via Bitol; Cavazzal,Cavalese
1262,Piazza Nicoletti; Brusino,Cavedine
1263,Via Don Evaristo Bolognani; Vigo Cavedine,Cavedine
1264,Via Masi di Sopra; Preti,Cavedine
1265,Circolo Bocce; Corso Milano,Zambana
1266,Viale Trento; Carisolo,Carisolo
1267,Centro sportivo Grilli; Via ai Grii,Storo
1268,Via Luigi Jacob; Beccacchè,Rovereto
1269,Via Vallunga 1°; Brione,Rovereto
1270,Via Alessandro Manzoni; Chienis,Ronzo-Chienis
1271,Via S. Antonio; Santa Barbara,Ronzo-Chienis
1272,Località Plazi; Piazi,Isera
1273,Via del Parco; Lago,Garniga Terme
1274,Sano; Mori,Mori
1275,SP43; Raina,Castelfondo
1276,Strada Statale di Val D'Assa e Pedemontana Costo; Malga Biscotto,Levico Terme
1277,Strada panoramica della Valsugana; Telve di Sopra,Telve di Sopra
1278,Via di Stella di Man; Stella di Man,Trento
1279,Via della Sega; Gavazzo Vecchio,Riva del Garda
1280,Via Venezia; Gavazzo Vecchio,Riva del Garda
1281,Località San Giacomo; Foci,Riva del Garda
1282,Via Guaita; Pietramurata,Dro
1283,Partenza Via Ferrata Ernesto Che Guevara; Località Isoletta,Dro
1284,Via a Rela; Celledizzo,Peio
1285,Via Orti; Pristol,Lavis
1286,Via Laghetto; San Martino di Castrozza,Primiero San Martino di Castrozza
1287,Località Valle di Sella; Valle di Sella,Borgo Valsugana
1288,Sentiero Sciury; Molveno,Molveno
1289,Forest Park; Sentiero Sciury,Molveno
1290,Via Enrico Fermi; Pilcante,Ala
1291,Via alla Cascata; Canazei,Canazei
1292,Strèda veia; Pian,Campitello di Fassa
1293,Campo sportivo Oratorio Castello Tesino; Via Venezia,Castello Tesino
1294,Strada dei Catalani; Frisanchi,Altopiano della Vigolana
1295,Via Parrocchia; Pante,Sagron Mis
1296,La Foresta dei Draghi; Predazzo,Predazzo
1297,Via Conti Spaur; Zambana,Zambana
1298,SS237; Cologna,Pieve di Bono-Prezzo
1299,Via Dolomiti; Castello di Fiemme,Castello-Molina di Fiemme
1300,Passeggiata Santa Maria della Lasta; Cavalese,Cavalese
1301,campo da tennis; Via fratelli Ballerin,Castello Tesino
1302,campo da bocce; Via fratelli Ballerin,Castello Tesino
1303,campetto; Via fratelli Gino e Ivo Mascarello,Castello Tesino
1304,Via Passo Rolle; San Martino di Castrozza,Primiero San Martino di Castrozza
1305,Via Ventiquattro Maggio; Olle,Borgo Valsugana
1306,Strada Provinciale per Vetriolo; Levico Terme,Levico Terme
1307,Strada dell'Olmo; Santa Giuliana,Levico Terme
1308,Via delle valli; Ranch al Pizzo di Vettorazzi Francesco,Levico Terme
1309,Viale Lodron; Castellano,Villa Lagarina
1310,Strada paradiso Salt de la Volp; Costa di Folgaria,Folgaria
1311,Ciclovia Adige-Garda; Sant'Alessandro,Riva del Garda
1312,Strada panoramica della Valsugana - SP65; Cadenzi,Roncegno Terme
1313,Via Girolamo Waiz; Cadenzi,Roncegno Terme
1314,Compagnia Arcieri Altopiano di Pinè; Via dello Stadio,Laita
1315,Località Vetriolo; Vetriolo Terme,Levico Terme
1316,Crossodromo Il Ciclamino; Via Cargadori,Dro
1317,Via Caffaro; Sarche,Madruzzo
1318,Località Rocchetti; Rocchetti,Lavarone
1319,Via Roma; Chiesa,Lavarone
1320,SS349; Tobia,Lavarone
1321,Campo di calcio della parrocchia di Canale; Via della Busa,Pergine Valsugana
1322,Mendelpassstraße - Strada statale del Tonale e della Mendola; St. Nikolaus - San Nicolò,Kaltern an der Weinstraße - Caldaro sulla Strada del Vino
1323,Piazza Maria Assunta; Calavino,Madruzzo
1324,Ice Stadium; SP27dir,Valdaone
1325,Via San Vigilio; Lodrone,Storo
1326,SP135; Pauer,Palai en Bersntol - Palù del Fersina
1327,Via Primo Boale; Onea,Borgo Valsugana
1328,Viale Foletto; Pieve di Ledro,Ledro
1329,Via Andrea Maffei; Costa di Folgaria,Folgaria
1330,Campo da Pallavolo; Strada forestale Val di Gatto,Ala
1331,Campo da Basket; Strada forestale Val di Gatto,Ala
1332,SS48; Panchià,Panchià
1333,Strada del Bus de Véla; Cadine,Trento
1334,Strada al Lago; Cadine,Trento
1335,Via A. Degasperi; Terlago,Vallelaghi
1336,Via di Braidon; Terlago,Vallelaghi
1337,Campo da calcio di Lon; Via al Monte Gazza,Vallelaghi
1338,Via Don Giovanni Bosco; Sporminore,Sporminore
1339,campo da basket Luigi Einaudi; Via Luigi Einaudi,Trento
1340,Via dei Solteri; Solteri,Trento
1341,Scuola Secondaria di Primo Grado Ciro Andreatta; Via Dolomiti,Pergine Valsugana
1342,Via della Fossa; Onea,Borgo Valsugana
1343,Campo di bocce; Via San Valentino,Vallelaghi
1344,Pian del Gac - campo di aeromodellismo; Via Val dei Sari,Fornace
1345,Campo volo margone; Via di Sant'Antonio,Vallelaghi
1346,Strada per il parco; Cimirlo,Trento
1347,Strada per il forte; Cimirlo,Trento
1348,Piazzale Bludenz; Onea,Borgo Valsugana
1349,Via dei Giardini; San Donà,Trento
1350,Via al Lago; Brenta,Caldonazzo
1351,Via Andanta; Caldonazzo,Caldonazzo
1352,SOS - Feriendorf villaggio estivo internazionale Caldonazzo; Via al Lago,Caldonazzo
1353,Via Lungo Lago; Brenta,Caldonazzo
1354,Camping Mario Village; 4,Caldonazzo
1355,Via Lungo Lago; Calceranica al Lago,Calceranica al Lago
1356,Via del Bedolé; Poggio dei Pini,Ferrari
1357,Via della Resistenza; Oltrecastello,Trento
1358,Località Fossà; San Tomè,Mori
1359,Polo Scolastico Superiore di Cles; Via Quattro Novembre,Cles
1360,Via Murzent; Credai,Sfruz
1361,Via Paludi; Canova,Trento
1362,Via del Lido; Laita,Lido
1363,Scuola primaria Amelia Zadra; Via Italo Marchi,Riva del Garda
1364,Strada forestale Monte Tombio; Zumiani,Riva del Garda
1365,Località San Leonardo; Borghetto,Avio
1366,Strada Provinciale Destra Adige; Mama d'Avio,Avio
1367,Via 27 Maggio; Borghetto,Avio
1368,Via di Pra Maor; Pè de Pardàc,Predazzo
1369,Via Lagorai; Predazzo,Predazzo
1370,Via Rododendri; Pè de Pardàc,Predazzo
1371,Via alle Coronelle; Pè de Pardàc,Predazzo
1372,Via Marco da Cles; Pez,Cles
1373,Ramo alle Pozze; Sega,Trambileno
1374,Campetto dell'oratorio; Via Zigatteria,Ala
1375,Viale Trento; Dro,Dro
1376,Via Piccola; Olle,Borgo Valsugana
1377,Parco Capannina; Via Risorgimento,Fai della Paganella
1378,Via Trento; Chiesa,Lavarone
1379,Piazza San Vigilio; Fucine,Ossana
1380,Ciclovia della Valle dell'Adige; San Michele all'Adige,San Michele all'Adige
1381,Percorso La Centa; Ville d'Anaunia,Ville d'Anaunia
1382,Via Don Pio Zadra; Nanno,Ville d'Anaunia
1383,Via Santa Maria; Raut,Ton
1384,Via ai Comuni; Ravina Romagnano,Trento
1385,Via Dante Alighieri; Avio,Avio
1386,Via Massa; Avio,Avio
1387,Tetsch - Via Tezze; Tetsch - Tezze,Lusérn - Luserna
1388,Via Dante; Nicolussi,Lavarone
1389,SS349; Lavarone,Lavarone
1390,Località Maso Martinelli; Maso Martinelli,Altopiano della Vigolana
1391,SS48; Someda,Moena
1392,Strada dei Fieroi; Castel Ivano,Castel Ivano
1393,Via Cece; Bellamonte,Predazzo
1394,Via Risorgimento; Stenico,Stenico
1395,Via Vecia; Stenico,Stenico
1396,Strada Provinciale 249 di Stenico - Ponte Arche; Premione,Stenico
1397,Via del Pian; Melai,Mezzano
1398,Via al Santuario; Tavon,Predaia
1399,SP239dir; Prade,Canal San Bovo
1400,Sporting Center; Via Venezia,Predazzo
1401,Minigolf Predazzo; Via Venezia,Predazzo
1402,Via Monsignor Mario Ferrari; Moi,Ledro
1403,Via di Golivo; Tiarno di Sopra,Ledro
1404,Via Pineta; Pinzolo,Pinzolo
1405,Pista Ciclabile Val Rendena; Pinzolo,Pinzolo
1406,Pista Ciclabile Val Rendena; Fasè,Pinzolo
1407,Via Malga Cita; Pur,Ledro
1408,Piazzetta padre Mario Borzaga; Bolghera,Trento
1409,Via Don Lucillo Sartori; Legos,Ledro
1410,Via Pedrini; Tre Ville,Tre Ville
1411,Via di Costa San Nicolò; Costa,Trento
1412,campo calcetto/tennis; Strada Provinciale 86 di Rabbi,Rabbi
1413,Frazione Balbido; Balbido,Bleggio Superiore
1414,SP56; Caoria Ghiaie,Canal San Bovo
1415,SP56; Caoria Sperandii,Canal San Bovo
1416,Maneggio Dallapiccola; Via dei Paludi,Al Sant
1417,Via degli Altipiani; Maso Michelini,Calceranica al Lago
1418,Strada Val dei Oveni; Tonezzeri,Altopiano della Vigolana
1419,Hot tub; Via Gioacchino Rossini,Cavalese
1420,Via Trieste; Lizzanella,Rovereto
1421,Via Filatoi; Lizzanella,Rovereto
1422,Via Giuseppe Zucchelli; Volano,Volano
1423,Piazzale della Repubblica; Pilcante,Ala
1424,Campo Sant'Agnese; Via delle Scornie,Civezzano
1425,SP220; Scandelli,Folgaria
1426,Campo da beach; Via dei Silari,Al Sant
1427,Piazza Giannantonio Manci; Panté di Sopra,Trento
1428,Giro della malga Finonchio; Rovereto,Rovereto
1429,Via per Cimù; Bersone,Valdaone
1430,Skate Park; Pista Ciclabile Val Rendena,Pinzolo
1431,Strada Statale 238 del Passo Palade; Floriani,Tret
1432,Piazzale Felice Fabbro; Fracena,Castel Ivano
1433,Via Monache; Mogno,Arco
1434,Strada forestale Ronchi - Valli; Dovena,Castelfondo
1435,SP33; Premione,Stenico
1436,Piazza; Valle,Garniga Terme
1437,SP79; 1,Canal San Bovo
1438,Piazza Santa Teresa Verzeri; Bolghera,Trento
1439,Four Stars; 61,Riva del Garda
1440,Via alle scuole; Nago,Nago-Torbole
1441,Euromix Motors - Off-road Experience; Strada Provinciale 67 di Lovernatico,Campodenno
1442,Crossodromo di Coredo; Via Don Lorenzo Guetti,Predaia
1443,Strada per Santa Colomba; Fratte,Civezzano
1444,Via Giovanni Battista Trener; Melta di Gardolo,Trento
1445,Via Cesare Battisti; Cares,Comano Terme
1446,Via Monaco; Spini di Gardolo,Trento
1447,Via del Loghét; Spini di Gardolo,Trento
1448,Via della Busa; Maso Kronst,Pergine Valsugana
1449,Palestra San Giovanni Bosco; Via San Giovanni Bosco,Rovereto
1450,Piana di Siror; Nolesca,Primiero San Martino di Castrozza
1451,Salita di San Rocco; Peio Fonti,Peio
1452,Strada Provinciale del Durone; Zuclo,Borgo Lares
1453,Pista Ciclabile Val Rendena; Fisto,Spiazzo
1454,Strada Provinciale 236 di Spiazzo - Bocenago; Fisto,Spiazzo
1455,Via Cesare Battisti; Cort,Tre Ville
1456,Via Giuseppe Antonio Slop; Residenze Ai Giardini,Trento
1457,Via Antonio Detassis; Zona commerciale Via Maccani,Trento
1458,C.F.P ENAIP Arco; 8,Arco
1459,Via Brustolai; Marter,Roncegno Terme
1460,Via Pra Minati; Masi Orne,Grigno
1461,Località Valon; Massimeno,Massimeno
1462,Via del Santuario; Soini,Ala
1463,Strada di Seregnano; Cogatti,Civezzano
1464,Via Alla Torre; Smarano,Predaia
1465,Via Roen; Cavareno,Cavareno
1466,Via Silvestro Valenti; Carciato,Dimaro Folgarida
1467,Via Colonnello Diego Peluso; Crosano,Brentonico
1468,Via Val Brenta; Sant'Antonio di Mavignola,Pinzolo
1469,Via al Parco; Cavareno,Cavareno
1470,Via al Molin; Carbonara,Croviana
1471,Ciclovia della Val di Sole; Castello,Pellizzano
1472,Via Luigi Senesi; Zivignago,Pergine Valsugana
1473,Via Caduti; Conca Verde,Pomarolo
1474,Via Renato Tomaselli; Ivano,Castel Ivano
1475,Via delle Ghiaie; Pietramurata,Dro
1476,Frazione Larido; Larido,Bleggio Superiore
1477,Viale Dolomiti; Vadaione,Giustino
1478,percorso antica vetreria; Comano Terme,Comano Terme
1479,Climbing Stadium Arco Rock; Via Paolina Caproni Maini,Arco
1480,Via per Monte Boai; Belvedere,Peio
1481,Campo da calcio; Via Madonnina,Amblar-Don
1482,Strada Provinciale 86 di Rabbi; Pracorno,Rabbi
1483,SS42; Villini dell'Alpe,Ruffré
1484,Via di San Taddeo; Barco,Levico Terme
1485,Pista Ciclabile Val Rendena; Villa Rendena,Porte di Rendena
1486,Via Iscla; Villa Rendena,Porte di Rendena
1487,Via al Sarca; Vigo Rendena,Porte di Rendena
1488,Via Giuseppe Grazioli; Corallo,Trento
1489,SP45; Lenzima,Isera
1490,Via Rampignano; Camp Trent,Pomarolo
1491,Via Moscabio; Cavareno,Cavareno
1492,Via Giulio Catoni; Regole,Trento
1493,Via Ubaldo Crozzoli; Regole,Trento
1494,Centro Sportivo Universitario di Mattarello; Via delle Regole,Trento
1495,Via per Marilleva; Piano,Mezzana
1496,Strada Statale delle Dolomiti; La Bìra,Predazzo
1497,Via Pillocco; Cavalese,Cavalese
1498,Via Brunetta; Cavalese,Cavalese
1499,Campo polivalente; Passeggiata Filomena Perghem,Trento
1500,Via di Soraperra; Alba - Dèlba,Canazei
1501,Azienda Pubblica di Servizi alla Persona Clementino Vannetti; Via Brigata Acqui,Rovereto
1502,Via Tommaseo; Santa Maria,Rovereto
1503,Via Bellavista - Strada Provinciale del lago di Cei; Pedersano,Villa Lagarina
1504,Via Alcide Degasperi; Meano di Sopra,Spormaggiore
1505,Strèda de Palua; Campestrin - Ciampestrin,Mazzin
1506,Via Franz Kafka; Sant'Alessandro,Riva del Garda
1507,Via Giacomo Matteotti; Clarina,Trento
1508,Località Longhini; Nale,Telve
1509,Via Capitelli; Ceniga,Dro
1510,Via Soprasasso; Canova,Trento
1511,Campo sportivo sintetico di San Martino; Via Herman Panzer,Primiero San Martino di Castrozza
1512,Via dei Naghi; Castello,Brentonico
1513,Via dei Brattia; Campo,Ville d'Anaunia
1514,Piazza Monsignor Perli; Vezzano,Vallelaghi
1515,Parco Tre Ponti; Via G. Marconi,Mori
1516,Via alla sega; Degara,Ledro
1517,Località Agro; Isera,Isera
1518,Località Belvedere; Levico Terme,Levico Terme
1519,Via Damiano Chiesa; Toss,Ton
1520,Via Lanza; Pez,Cles
1521,Via delle Scuole; Pez,Cles
1522,"Via Clorinda Menguzzato ""Veglia""; Man Malpensada",Trento
1523,Salita del Pradarì; Mechel,Cles
1524,Via Rotaliana; Mezzolombardo,Mezzolombardo
1525,Tangenziale Sud; Clarina,Trento
1526,Via Don Giacomo Vinciguerra; Cittadella,Pergine Valsugana
1527,Via San Carlo; Fadana,Cembra Lisignago
1528,Strada de Chieva; Pozza di Fassa - Poza,San Giovanni di Fassa - Sèn Jan
1529,Strada Madona da l'aiut; Pozza di Fassa - Poza,San Giovanni di Fassa - Sèn Jan
1530,Via Serradori; Bellamonte,Predazzo
1531,Via Fossi; Isolabella,Primiero San Martino di Castrozza
1532,Via Vallesinella; Palù,Tre Ville
1533,Via San Giacomo; Prè di Ledro,Ledro
1534,Strada Provinciale di Trambileno; Toldo,Trambileno
1535,Pista Ciclabile Val Rendena; Vigo Rendena,Porte di Rendena
1536,SP Sinistra Leno; Foppiano,Vallarsa
1537,Campo Padel; Via Pineta,Pinzolo
1538,Via Molini; San Giacomo,Riva del Garda
1539,Parcheggio Don Bosco; Alboletta,Riva del Garda
1540,Via Santa Caterina; Alboletta,Riva del Garda
1541,Via Rainer Maria Rilke; Sant'Alessandro,Riva del Garda
1542,Via Antonio Abondio; Alboletta,Riva del Garda
1543,Via alla Fiana; Bondo,Sella Giudicarie
1544,Senter dei Pissarèi; Ballino,Fiavé
1545,Località Castil; Ballino,Fiavé
1546,Ciclovia dei laghi; Mogno,Arco
1547,Regina; Via Pomerio,Arco
1548,Via Monte Grappa; Padaro,Arco
1549,Via Sagrà Vecio; Villa Lagarina,Villa Lagarina
1550,Via Francesco Corradi; Olle,Borgo Valsugana
1551,Via dei pescatori; Pozza,Pergine Valsugana
1552,Circolo Tennis Baldresca; Via della Roggia,Rovereto
1553,Bretella ai Fiori; Lizzanella,Rovereto
1554,Tiro a segno nazionale; Pista ciclabile Alexander Langer,Rovereto
1555,Centro Natatorio Comunale; Via Modena,Rovereto
1556,Via di Caman; Cadine,Trento
1557,Strada alla Funivia; Piedicastello,Trento
1558,Via Antonio Rosmini; Celledizzo,Peio
1559,SP133dir; Lochere,Caldonazzo
1560,Via dei Concei; Enguiso,Ledro
1561,Via ai Lach; Lenzumo,Ledro
1562,Via Giambattista Unterveger; Magnete,Trento
1563,PUMPTRACK; Terlago,Vallelaghi
1564,Via al passo di Làghel; Santa Maria di Laghel,Arco
1565,Skate Park Ceniga; Ciclovia dei laghi,Dro
1566,Via Antonio Rosmini; Ceniga,Dro
1567,Via del bosco; Brentonico,Brentonico
1568,Via della Lasta; Gardizzola,Gnaghi
1569,Istituto Tecnico Tecnologico Guglielmo Marconi; 1,Rovereto
1570,E7; Ala,Ala
1571,Passaggio degli alpini; Santa Maria,Rovereto
1572,Viale Brenta; Azienda Agricola Lungo I Monti,Novaledo
1573,Camping Castelpietra; 1,Primiero San Martino di Castrozza
1574,Viale Belvedere; Malosco,Malosco
1575,Piscina Comunale di Predazzo; Via Prai de Mont,Predazzo
1576,Frazione Slaghenaufi; Bertoldi,Lavarone
1577,Via Lorenzo Perosi; Brione,Rovereto
1578,Località Tremol; Maso San Valentino,Nave San Rocco
1579,Istituto Comprensivo di Brentonico; Via Traversa,Brentonico
1580,Campo atletica Masen; SP58,Giovo
1581,Via dei Carli; Moià,Trento
1582,Caore; Ravina Romagnano,Trento
1583,Pista Marcialonga; Lago di Tesero,Tesero
1584,Circolo San Giorgio; Via San Giorgio,Arco
1585,Via Strada della Cipriana; Sant'Alessandro,Riva del Garda
1586,Via Longa; Sant'Alessandro,Riva del Garda
1587,Strada di Pian Trevisan - Strèda de Ciamp Trujan; Penìa,Canazei
1588,Via Treviso; Sant'Alessandro,Riva del Garda
1589,A.S.D. Arcieri Virtus; Pista Ciclabile Arco-Riva,Arco
1590,Centro di Formazione Professionale Alberghiero ENAIP; 3,Riva del Garda
1591,Via dei due laghi; Al Sant,Cagnotti
1592,Viale degli Oleandri; Pasina,Riva del Garda
1593,Centro sportivo Cesare Malossini; 3,Riva del Garda
1594,Via Belvedere; Mezzolago,Ledro
1595,Skate park Predazzo; Via Lagorai,Predazzo
1596,Via Bri; Tiarno di Sopra,Ledro
1597,Trento Padel; Via delle Crosare,Trento
1598,Via 7 Giugno (ex Via Sass Maor); Isolabella,Primiero San Martino di Castrozza
1599,Via Meatoli; Pezze,Imer
1600,Via Insoli; Mezzano,Mezzano
1601,Piazza Risorgimento; Campo Lomaso,Comano Terme
1602,Via di Castelbosco; Bosco di Civezzano,Civezzano
1603,Via IV Novembre; Collegio Santa Croce,Mezzano
1604,Via Molaren; Stalla Grande,Mezzano
1605,Via Cristoforo Benedetti; Melta di Gardolo,Trento
1606,Via 8 Marzo; Melta di Gardolo,Trento
1607,Via Avisio; Canova,Trento
1608,Via Don Basilio Anzelini; Ala,Ala
1609,Strada della Passerella; Pilcante,Ala
1610,Via Gaspare Crivelli; Canova,Trento
1611,Cai; Pannone,Mori
1612,Ciclovia della Valsugana; Selva di Levico,Levico Terme
1613,Via della Lovara; Tuenetto,Predaia
1614,Via Roen; Amblar,Amblar-Don
1615,SP250 di Valfloriana; Casatta,Valfloriana
1616,Strada Provinciale Bordala; Selve,Ronzo-Chienis
1617,Campo Sportivo Oltresarca; Via della Repubblica,Arco
1618,Ciclabile ex ferrovia della Val di Fiemme; Aguai,Ville di Fiemme
1619,Via ai Canzocoi; Pè de Pardàc,Predazzo
1620,Corso Alcide Degasperi; Molìn,Predazzo
1621,Via dei Cagnòti; Cagnotti,Rizzolaga
1622,Paintball Park Trento; SS45bis,Vallelaghi
1623,Via dei Falòri; Nogaré,Pergine Valsugana
1624,Via al Ponte; Costa,Pergine Valsugana
1625,Passaggio pedonale di via del Teatro; Santa Maria,Rovereto
1626,Via fratelli Gino e Ivo Mascarello; Castello Tesino,Castello Tesino
1627,Pizzocol; Strada forestale Vies - Oltre,Ledro
1628,Al Coel; Strada forestale Vies - Oltre,Ledro
1629,Finale Ampola; SS240,Ledro
1630,Futur Ampola; SS240,Ledro
1631,Corna dal Vescof; Corna del Vescov,Storo
1632,Massi di Gaggiolo; SS45bis,Dro
1633,Torre di Pietramurata; Partenza Via Ferrata Ernesto Che Guevara,Dro
1634,Via F. Filzi; Lambel,Mori
1635,Corso Roma; Zambana,Zambana
1636,Corso Milano; Zambana,Zambana
1637,Via Reutele; Azzolini,Lavarone
1638,Via Lavisotto; San Donà,Trento
1639,Maso Costa; Ruffré,Ruffré-Mendola
1640,Maso Coflari; Maso Poar,Ruffré
1641,Montagnoli Adventure Park; sentiero Gian Vittorio,Tre Ville
1642,Via dei Regolani; Ognano,Pellizzano
1643,Via di San Fabiano; Cognola,Trento
1644,Via Angelo Bettini; Madonna Bianca,Trento
1645,Via Ardaro; San Giacomo,Riva del Garda
1646,Compagnia Arcieri Tridentini Aquila Nera; Strada di Piazzamana,Trento
1647,Via Porto Camarelle; Baitoni,Bondone
1648,Padel Trento Arena; 64,Trento
1649,Via della Croce; Selva di Levico,Levico Terme
1650,Via Santi Cosma e Damiano; Campotrentino,Trento
1651,Via San Floriano; Valternigo di Giovo,Giovo
1652,Via Miorini; Grumino,San Michele all'Adige
1653,Atterraggio Cermis; Strada Provinciale 232 di Fiemme,Cavalese
1654,Atterraggio Masi; Via Moncati,Cavalese
1655,Decollo Paion; 2,Cavalese
1656,Via Cavour; Castello,Brentonico
1657,Via Roma; Lera,Brentonico
1658,Via alle Valène; Piedicastello,Trento
1659,Strada Statale 421 dei Laghi di Molveno e Tenno; Dasindo,Vigo Lomaso
1660,Via val Maria; Pur,Ledro
1661,Circolo Tennis Ledro; Besta,Ledro
1662,Camping Al Sole; 127,Ledro
1663,Via Bucaneve; Brentonico,Brentonico
1664,Calzà Performance Horses; 20,Arco
1665,Via Dossi; Prato Saiano,Arco
1666,Pratisaiano; 11,Arco
1667,Localita' Fibbie; Arco,Arco
1668,Moda Sport; Muu Village,Folgaria
1669,Via Oratorio; Vignole,Arco
1670,Centro polisportivo comunale; Via Giuseppe Gozzer,Borgo Valsugana
1671,Skate Park; Via Dante Alighieri,Mori
1672,Velodromo di Mori; Via Lomba,Mori
1673,Landingplace Barco 2 - Atterraggio Volo Libero Trentino; Località Lago Morto,Levico Terme
1674,Via Principale; Maso Santa Lucia,Campodenno
1675,Via San Romedio; Coredo,Predaia
1676,percorso Giazere; Chienis,Ronzo-Chienis
1677,Campo sportivo di Ronzo; SP48,Ronzo-Chienis
1678,Via dei Silari; Al Sant,Silari
1679,Viale Trento; Brione,Rovereto
1680,Strada de Palua; Campestrin - Ciampestrin,Mazzin
1681,Strada Jumela; Ramon,Pera
1682,Strèda Dolomites delle Dolomiti; Pian,Canazei
1683,Via Monte Pavione; Pezze,Imer
1684,Decollo Corno Nero; Sentiero Claudio Scarian,Ville di Fiemme
1685,Atterraggio Parapendio; Pista Ciclabile Val di Fiemme e Fassa,Cavalese
1686,Via S. Salvotti; Lambel,Mori
1687,Via M. Abriani; Lughel,Mori
1688,Via A. Toss; Lughel,Mori
1689,Padel Hall; Via Nazionale,Trento
1690,Via Antonio Balista; San Giorgio,Rovereto
1691,Piazza di Centa; Cognola,Trento
1692,Impianto sportivo Al Zengio; 1,Brentonico
1693,Via al Ròcol; Vigo,Brentonico
1694,Occlini; Ville di Fiemme,Ville di Fiemme
1695,"Strada Provinciale 13 della Predaia ""diramazione Vervò""; Vervò",Predaia
1696,Strada Provinciale 16 del Colle di Tenna; Levico Terme,Levico Terme
1697,Via dell'Albera; Maderno,Trento
1698,Via Romano Guardini; Centochiavi,Trento
1699,Strada forestale Zengio de le zonte; Volano,Volano
1700,Via Grazie; Tolver,Telve
1701,Atterraggio Col Rodella; Localita' Ischia,Campitello di Fassa
1702,Grilli; Via ai Grii,Storo
1703,Baratieri; Via Sabbioni,Rovereto
1704,Baratieri; Via Baratieri,Rovereto
1705,Falesia S.Siro; Via San Siro,Madruzzo
1706,Palestra Scherma; Via 4 Novembre (1918),Trento
1707,Via di Santa Brigida; Ravina Romagnano,Trento
1708,Palestra di Roccia Sasias; Via del Sant,Caldes
1709,La Gola; Toblino Ranzo,Madruzzo
1710,Falesia La Gola - Pezzent Area; Toblino Ranzo,Madruzzo
1711,AC Fassa; Strada di Pré de Sot,Sèn Jan
1712,X Rafting; Via del Pressenach,Mezzana
1713,Molveno; Via Nazionale,Molveno
1714,Millegrobbe; Strada per Luserna,Lavarone
1715,Corna dal Vescov; Corna del Vescov,Storo
1716,"Klettergarten ""Limarock""; SS237",Madruzzo
1717,Limarò; Via Caffaro,Madruzzo
1718,Busatte Adventure; Strada delle Marocche,Nago-Torbole
1719,Falesia Belvedere Sector A; SS240dir,Nago-Torbole
1720,Falesia Belvedere Sector B; SS240dir,Nago-Torbole
1721,Falesia di Traole; 14-18,Nago-Torbole
1722,Via del Covel; Prada,Faida
1723,Palacurling; Strada Provinciale 96 del Lago Santo,Cembra Lisignago
1724,Via dei Solteri; Centochiavi,Trento
1725,House of Boxing; 78,Trento
1726,Falesia di Serrada; Sentiero Forra del Lupo,Terragnolo
1727,Campo di Volo VolAvisio; Pista Ciclabile Val di Fiemme e Fassa,Cavalese
1728,Via Santa Marina; Maso Stella,Trento
1729,Palestra di roccia; SS346,Moena
1730,Segrom - Settore Basso; 14-18,Nago-Torbole
1731,Via del Naronch; Vigolo Baselga,Trento
1732,Campfour Boulder; 74/76,Dro
1733,Falesia Massone Policromuro; Sentiero delle cave,Arco
1734,Via degli Alberti Poja; San Donà,Trento
1735,Strada de Coltura; Costa,Vigo di Fassa - Vich
1736,Falesia della Vela - Settore B; Località i Laghetti,Trento
1737,Palestra di roccia Sanbàpolis; 88,Trento
1738,Falesia La Gola - Arcadioland; Strada Madruzziana,Madruzzo
1739,Piccolo Dain - Parete della Centrale; Via Caffaro,Madruzzo
1740,Centro Nautico Ekon A.S.D.; 7,Pergine Valsugana
1741,Palestra Naranc; Sentiero Climing Naranc,Mori
1742,ex centrale; Strada forestale Vies - Oltre,Ledro
1743,Massi Di Prabi; Via Legionari Cecoslovacchi,Arco
1744,Block A; Via Legionari Cecoslovacchi,Arco
1745,Block D; Block 2; Via Legionari Cecoslovacchi,Arco
1746,Block 1; Via Legionari Cecoslovacchi,Arco
1747,Block 11 - Passi falsi; Via Legionari Cecoslovacchi,Arco
1748,Settore B; Via Legionari Cecoslovacchi,Arco
1749,Segrom - Settore Centrale; 14-18,Nago-Torbole
1750,Babilonia; Ponalestraße,Ledro
1751,Fiori di Primavera; Ponalestraße,Ledro
1752,Sesto Senso; Ponalestraße,Ledro
1753,Via Alessandro Avancini; Strada forestale Massampiano,Dro
1754,Falesia Celva; Località Passo Cimirlo,Trento
1755,Agriturismo Bontempelli; Ciclovia della Val di Sole,Pellizzano
1756,Falesia della Vela - Settore A; Località i Laghetti,Trento
1757,Centro Sportivo santa Cristina; Via Pablo Picasso,Folgaria
1758,Falesia Sass Taià; SS50,Imer
1759,Surfcenter Lido Blu; 39,Nago-Torbole
1760,Palestra di roccia Prombis; Via Roma,Lavarone
1761,Falesia Abissi; Sentiero delle cave,Arco
1762,Muro dell'Asino; Via al Colòdri di Làghel,Arco
1763,Dinosauri; La Bellezza della Venere,Dro
1764,Centro attività motorie; 1,Scurelle
1765,Falesia Coltura; Strada Provinciale 34 del Lisano e Sesena,Tre Ville
1766,GO FAST; 3,Riva del Garda
1767,Via dei Valóni; Panté di Sopra,Trento
1768,Massi delle Traole - Settore A-G; 14-18,Nago-Torbole
1769,Strada Provinciale Bordala; Roccolo,Ronzo-Chienis
1770,Strada forestale Fontana dei Gai; Povo,Trento
1771,Il Mercurio serpeggiante; La Bellezza della Venere,Dro
1772,Te lo do io il colorado; La Bellezza della Venere,Dro
1773,Lo Spigolo Nascosto; Strada Madruzziana,Vallelaghi
1774,"Falesia ""Val Granda""; Val Granda",Nomi
1775,Infinity Boulder; 25,Trento
1776,Falesia Cola Grant; Via Castel Beseno,Besenello
1777,Palestra Arrampicata di Comano; Strada forestale Buse de Godes,Comano Terme
1778,Tavolo da ping pong - Ciasa Lino Defranceco; Strada de Pecé,Moena
1779,Gaia; Via Legionari Cecoslovacchi,Arco
1780,Aspettando Martino; Via Legionari Cecoslovacchi,Arco
1781,Via Trento; Zustiegsweg (Klettergebiet),Dro
1782,Piazza Dama; Serrada,Folgaria
1783,Campo Di Tiro - Gruppo Tiratori Valli Del Noce; Via per la Mendola,Sanzeno
1784,Via dei Valóni; Panté di Sotto,Trento
1785,Bosco Arte Stenico; Stenico,Stenico
1786,Sponda Trentina; San Lazzaro di Meano,Trento
1787,Via tre Croci; Meano Due,Trento
1788,Via Castel di Gardolo; Gardolo di Mezzo,Trento
1789,Palazzetto dello sport Sanbàpolis; 88,Trento
1790,Via Borgo; Vezzano,Vallelaghi
1791,Solaris; 6c,Dro
1792,Nozze d'Argento; Zebratta central sector,Dro
1793,Bolted walls; Strada forestale Gac - San Vili,San Lorenzo Dorsino
1794,Noleggio Sci Peio dai Maestri; 13,Peio
1795,Massi delle Traole Settore H - Star Wars; Via Monte Baldo,Nago-Torbole
1796,Il Bersaglio; Ranzo,San Lorenzo Dorsino
1797,Via alle Darsene; Pozza,Pergine Valsugana
1798,Via Valer; Fontanedo,Sella Giudicarie
1799,Strada per Maranza; Villazzano,Trento
1800,Via Marsala; Clarina,Trento
1801,Via al Parco; Maso Tòfoi,Altopiano della Vigolana
1802,Climbing Ronzo; Ronzo,Ronzo-Chienis
1803,Via di Coìze; Torbole,Nago-Torbole
1804,Falesia Family San Martino; Via degli Olivi,Arco
1805,Bella e cattiva; Ponalestraße,Ledro
1806,Via 46 Parallelo; Zustiegsweg (Klettergebiet),Dro
1807,Giusy; Zustiegsweg (Klettergebiet),Dro
1808,Via Anche le donne vogliono arrampicare; Rientro vie arrampicata,Dro
1809,Via Il luogo degli esseri brutti; Rientro vie arrampicata,Dro
1810,Via Diedro Baldessarini; Rientro vie arrampicata,Dro
1811,La Luna Argentea; La Bellezza della Venere,Dro
1812,Falesia Bassilandia; SS45bis,Madruzzo
1813,Falesia Regina del Lago; Strada del Ponale,Ledro
1814,Palestra Regina del Lago; Ponalestraße,Ledro
1815,Regina del Lago- settore A; Ponalestraße,Ledro
1816,Regina del Lago- settore B; Ponalestraße,Ledro
1817,Regina del Lago - settore C; Ponalestraße,Ledro
1818,Regina del Lago- settore D Piccolo Budda; Ponalestraße,Ledro
1819,Placche di Baone; Via al Monte,Arco
1820,Via Monte Spinale; Palù,Tre Ville
1821,Italian Ski Academy; 5,Pinzolo
1822,Falesia di Nago; Via Monte Baldo,Nago-Torbole
1823,G.M.D.; Strada Madruzziana,Vallelaghi
1824,Giubileo; Strada Madruzziana,Vallelaghi
1825,Speranza; Via Boomerang,Dro
1826,Le Trincee; 14-18,Nago-Torbole
1827,Falesia Doss di Santa Brigida; Via Plana,Dimaro Folgarida
1828,Piazzale Lionello Groff; Canova,Trento
1829,Little John; La Bellezza della Venere,Dro
1830,Sceriffo di Nottingham; La Bellezza della Venere,Dro
1831,Parete di Sherwood; La Bellezza della Venere,Dro
1832,Falesia La Panoramica; Ciclovia dei laghi,Madruzzo
1833,Falesia Il Posto Delle Fragole; Via Caffaro,Madruzzo
1834,Falesia Zambana Vecchia; Ciclovia della Valle dell'Adige,Pressano
1835,Frazione Gionghi; Gasperi,Lavarone
1836,Lake line Terlago; Via al Lago di Terlago,Vallelaghi
1837,Settore i; Via Legionari Cecoslovacchi,Arco
1838,Settore M; Via Legionari Cecoslovacchi,Arco
1839,Settore N; Via Legionari Cecoslovacchi,Arco
1840,arco climbing; 28,Arco
1841,"Ferrata di Preore ""Sentiero Artpinistico""; Cort",Tre Ville
1842,Bocciodromo; Via Imperiale,Ledro
1843,Terra promessa; Strada forestale Calabione,Arco
1844,Grottosauro; Località Ronchi,Dro
1845,Ursus Adventures Rafting & Outdoors Centre; Via di Sotto Pila,Ossana
1846,LAcquaVIS; Via della Roggia,Lavis
1847,Strada Varignano Padaro; San Giovanni al Monte,Arco
1848,Falesia Dos Capel; GeoTrail del Dos Capèl,Tesero
1849,Skate Park Madonna di Campiglio; Via Monte Spinale,Tre Ville
1850,Piazza di Centa; San Donà,Trento
1851,Via dei Pini; Pinzolo,Pinzolo
