Titolo,Titolo breve,Immagine,Descrizione,Locandina dell'evento,Inizio,Termine,Durata,Quando,Dove,Informazioni,Destinatari,Costi,Stato,Materia,Circoscrizione,Argomento,Tipologia evento,Manifestazione cui fa parte,Associazione,Progressivo,Sottotitolo,Orario,Posizione geografica,Fonte
Carnival Party al Centro Sottodossi con oratorio e APPM: annullato,,var/mezzocorona/storage/images/turismo/calendario-eventi/carnival-party-al-centro-sottodossi-con-oratorio-e-appm-annullato/260508-1-ita-IT/Carnival-Party-al-Centro-Sottodossi-con-oratorio-e-APPM-annullato.jpg|,E' STATO ANNULLATO l'evento carnival Party organizzato da APPM e Oratorio di MezzocoronaPREVISTO presso il Centro Sottodossi per i ragazzi dalla prima media alla seconda superiore lunedì 24.2.2010 h. 20,,24/02/2020,24/02/2020,,,,,,,,,,,Evento singolo,,,,,,,
EVENTO ANNULLATO Tre giorni in Piemonte con la SAT,,,Tre giorni in Piemonte con la SATdal 22 al 24 maggio 2020segue programma,,22/05/2020,24/05/2020,,,,,,,,,,,Evento singolo,,,,,,,
"Presentazione del calendario  ""Le orchidee del monte di Mezzocorona""",,var/mezzocorona/storage/images/turismo/calendario-eventi/presentazione-del-calendario-le-orchidee-del-monte-di-mezzocorona/406280-1-ita-IT/Presentazione-del-calendario-Le-orchidee-del-monte-di-Mezzocorona.jpg|,"Il giorno 9 dicembre alle ore 20.30 verrà presentato in biblioteca il calendario 2024 &quot,Le orchidee del Monte di Mezzocorona a cura di Mauro Varner e Luisa Mattedi con opere di Paola de Manincor&quot,.Il calendario è disponibile gratuitamente per i residenti a partire dal giorno della presentazione.",,09/12/2023,09/12/2023,,,,,,,,,,,Evento singolo,,,,,,,
Incontro con la criminologa Rosa Valenti per la presentazione di un libro sulla violenza sulle donne,,var/mezzocorona/storage/images/turismo/calendario-eventi/incontro-con-la-criminologa-rosa-valenti-per-la-presentazione-di-un-libro-sulla-violenza-sulle-donne/407077-1-ita-IT/Incontro-con-la-criminologa-Rosa-Valenti-per-la-presentazione-di-un-libro-sulla-violenza-sulle-donne.jpg|,"Incontro con la criminologa Rosa Valenti, autrice del libro “OLTRE IL CODICE DEL SILENZIO – DECIFRARE LA VIOLENZA SULLE DONNE”,&nbsp,ed. Gander Books.Mercoledì 29 novembre 2024 alle ore 20.30 in&nbsp,Biblioteca a Mezzocorona (sala mansarda)È un libro che presenta il fenomeno della violenza contro le donne in tutta la sua crudezza e ferocia, analizzando tutte le sfaccettature in cui si presenta: fisiche, sessuali, psicologiche, economiche. Un’analisi che insegna a riconoscere anche aspetti meno noti della violenza, ma non per questo meno subdoli – come il gaslighting, la cyberviolenza, il revenge porn, la violenza in ostetricia o la violenza assistita di cui sono vittime i figli – e che soprattutto spiega sia alle vittime, sia a coloro che venissero a conoscenza di episodi riguardanti terzi come contrastarla.Un libro per le donne sicuramente, ma anche per quella grande maggioranza di uomini che rifiutano la violenza e che desiderano contrastarla.",,29/11/2023,29/11/2023,,,,,,,,,,,Evento singolo,,,,,,,
Canta della stella dei re Magi al Monte,,var/mezzocorona/storage/images/turismo/calendario-eventi/canta-della-stella-dei-re-magi-al-monte/408795-2-ita-IT/Canta-della-stella-dei-re-Magi-al-Monte.jpg|,"Il pomeriggio del 6.1.24 canta della stella dei Re Magi al Monte, per i dettagli si vede l'allegata locandina",,06/01/2024,06/01/2024,,,,,,,,,,,Evento singolo,,,,,,,
Serata della Sat Mezzocorona con Marco Ferrari,,var/mezzocorona/storage/images/turismo/calendario-eventi/serata-della-sat-mezzocorona-con-marco-ferrari/412667-1-ita-IT/Serata-della-Sat-Mezzocorona-con-Marco-Ferrari.jpg|,"Serata della Sat Mezzocorona dal titolo &quot,Scala viaggia ridi&quot, con Marco Ferrari il 19.1.2024 h. 20.30 al teatro parrocchiale di Mezzocorona.Tutti i dettagli nell'allegata locandina.",,19/01/2024,19/01/2024,,,,,,,,,,,Evento singolo,,,,,,,
"Serata della SAT con Nelli, Roberto, Michele e Stefano",,var/mezzocorona/storage/images/turismo/calendario-eventi/serata-della-sat-con-nelli-roberto-michele-e-stefano/412692-1-ita-IT/Serata-della-SAT-con-Nelli-Roberto-Michele-e-Stefano.jpg|,"Serata della SAT con Nelli, Roberto, Michele e Stefano dal titolo &quot,Mani sulla roccia, cuore oltre le nuvole&quot, introdotta da Paola Pancher il 1° febbraio 2024 h. 20.30 al teatro parrocchiale",,01/02/2024,,,,,,,,,,,,Evento singolo,,,,,,,
Serata della SAT con Ettore e Nicola Taddei,,var/mezzocorona/storage/images/turismo/calendario-eventi/serata-della-sat-con-ettore-e-nicola-taddei/412717-1-ita-IT/Serata-della-SAT-con-Ettore-e-Nicola-Taddei.jpg|,"Serata della SAT con Ettore e Nicola Taddei dal titolo &quot,Spiragli nel buio. la montagna vista sa dentro&quot, il 16.2.24 h. 20.30 presso il teatro parrocchiale.",,16/02/2024,,,,,,,,,,,,Evento singolo,,,,,,,
Serata della SAT con Alessio Marinelli e Simone Tranquillini,,var/mezzocorona/storage/images/turismo/calendario-eventi/serata-della-sat-con-alessio-marinelli-e-simone-tranquillini/412742-1-ita-IT/Serata-della-SAT-con-Alessio-Marinelli-e-Simone-Tranquillini.jpg|,Serata della SAT con Alessio Marinelli e Simone Tranquillini il 1° marzo alle 20.30 presso il teatro parrocchiale,,01/03/2024,,,,,,,,,,,,Evento singolo,,,,,,,
Giulio Coniglio va in bimboteca,,var/mezzocorona/storage/images/turismo/calendario-eventi/giulio-coniglio-va-in-bimboteca/414167-1-ita-IT/Giulio-Coniglio-va-in-bimboteca.png|,"&nbsp,&nbsp,GIULIO CONIGLIO &nbsp,VA IN BIMBOTECA&nbsp,&nbsp,venerdì 19 gennaio h. 17.00-18.00 in biblioteca &nbsp,&nbsp,Cosa si può fare in una fredda giornata d’inverno? Giulio Coniglio e i suoi amici ti aspettano in bimboteca, al piano terra della biblioteca, per scoprire la magia dei loro libri. Leggeremo insieme alle bibliotecarie tante storie incredibili scritte e illustrate da Nicoletta Costa.Poi ci faremo ispirare dalla fantasia di quest’autrice, che ha reso ancor più bella la nostra bimboteca, per un divertente laboratorio.&nbsp,&nbsp,Iniziativa rivolta ai bimbi e alle bimbe dai 2 anni in su.I minori di 6 anni vanno accompagnati da un adulto.Iscrizione consigliata al numero 0461 608182.",,19/01/2024,,,,,,,,,,,,Evento singolo,,,,,,,
Carnevalab Pigiama Party in biblioteca,,var/mezzocorona/storage/images/turismo/calendario-eventi/carnevalab-pigiama-party-in-biblioteca/414192-3-ita-IT/Carnevalab-Pigiama-Party-in-biblioteca.png|,"La biblioteca proponePIGIAMA PARTY&nbsp,IN BIMBOTECA&nbsp,&nbsp,BIBLIOTECA,VENERDÌ’ 9 FEBBRAIO 2024 H. 16.45-18.00, altro turno H. 18.00-19.15&nbsp,Con Zucca, Osso, Pelliccia, Gastone Musone,la Principessa dal sedere di fuoco e tantissimi amici festeggiamo il carnevalecon letture da ridere e laboratorio CARNEVALAB&nbsp,COSTUME D’OBBLIGO… IL PIGIAMA! &nbsp,&nbsp,Iniziativa gratuita per bambini dai 3 ai 10 anni i bambini inferiori ai 6 anni devono essere accompagnati da un adulto&nbsp,Illustrazione dalla copertina di “Zucca, Osso, Pelliccia di D. Calì e S. Martinuz- Nomos bambini",,09/02/2024,09/02/2024,,,,,,,,,,,Evento singolo,,,,,,,
Rassegna S. Gottardo : Villa Felicità,,var/mezzocorona/storage/images/turismo/calendario-eventi/rassegna-s.-gottardo-villa-felicita/414234-1-ita-IT/Rassegna-S.-Gottardo-Villa-Felicita.jpg|,Il 20 gennaio alle ore 20.45 la Filodrammatica Calliano presenta Villa Felicità commedia di G. Cattaneo.per info si veda l'allegata locandina,www.comune.mezzocorona.tn.it/content/download/44556/414236/rassegna teattrale 2024.pdf,20/01/2024,,,,,,,,,,,,Evento singolo,,,,,,,
Rassegna S. Gottardo : I Mantenuti,,var/mezzocorona/storage/images/turismo/calendario-eventi/rassegna-s.-gottardo-i-mantenuti/414259-1-ita-IT/Rassegna-S.-Gottardo-I-Mantenuti.jpg|,"La Filodrammatica S. Gottardo presenta &quot,I Mantenuti&quot, di F. Kerschbaumeril 3 e il 4 febbraio h. 20.45.Per ulteriori info si veda il manifesto allegato",www.comune.mezzocorona.tn.it/content/download/44557/414261/rassegna teattrale 2024.pdf,03/03/2024,04/02/2024,,,,,,,,,,,Evento singolo,,,,,,,
Rassegna S. Gottardo: El convento del Santo Spirito,,var/mezzocorona/storage/images/turismo/calendario-eventi/rassegna-s.-gottardo-el-convento-del-santo-spirito/414284-1-ita-IT/Rassegna-S.-Gottardo-El-convento-del-Santo-Spirito.jpg|,La filodrammatica di Telve presenta la commedia El convento del Santo spiritoil 17 febbraio 2024 h. 20.45presso teatro san Gottardo.Per i dettagli si veda la locandina allegata,www.comune.mezzocorona.tn.it/content/download/44558/414286/rassegna teattrale 2024.pdf,17/02/2024,,,,,,,,,,,,Evento singolo,,,,,,,
Arriva la grande sfilata di Carnevale a Mezzocorona,,var/mezzocorona/storage/images/turismo/calendario-eventi/arriva-la-grande-sfilata-di-carnevale-a-mezzocorona/414390-1-ita-IT/Arriva-la-grande-sfilata-di-Carnevale-a-Mezzocorona.jpg|,Si sta organizzando il carnevale dei ragazzi per la data 11.2.24.Tutte le info nella locandina allegata.,,11/02/2024,11/02/2024,,,,,,,,,,,Evento singolo,,,,,,,
Giornata della memoria: un'occasione di riflessione in biblioteca,,var/mezzocorona/storage/images/turismo/calendario-eventi/giornata-della-memoria-un-occasione-di-riflessione-in-biblioteca/416264-1-ita-IT/Giornata-della-memoria-un-occasione-di-riflessione-in-biblioteca.png|,"Un'occasione di riflessione in biblioteca per la Giornata della memoria.&quot,A quanti con fedeltà di soldati, sostennero durezza di lunga prigionia questa sintesi di travagli dedico, vincolo di solidarietà fiorita nel dolore, documento di fredda ferocia&quot,Capitano Marcello Tomadini I.M.I. 27487-XXAQuesta è la dedica del libro &quot,Venti mesi tra i reticolati” raccontati dall’artista Marcello Tomadini con 60 disegni originali, realizzati in modo estremamente realistico durante la prigionia nel lager tedesco di Sandbostel.Questo prezioso e rarissimo libro edito nel 1946 è stato donato alla biblioteca di Mezzocorona dalla sig.ra Ines Tarter, nipote di Lamberto Rossi, che fu uno dei compagni di prigionia dell’artista, promotori della stampa, nel gennaio 2020.In occasione della #giornatadellamemoria la pregevole pubblicazione nei giorni 25 e 26 gennaio viene messa a disposizione degli utenti che la possono sfogliare, leggere, guardare per un momento di riflessione al tavolino nero all'ingresso del primo piano.",,25/01/2024,26/01/2024,,,,,,,,,,,Evento singolo,,,,,,,
Rassegna S. Gottardo: I mantenuti della Filo S. Gottardo di Mezzocorona,,var/mezzocorona/storage/images/turismo/calendario-eventi/rassegna-s.-gottardo-i-mantenuti-della-filo-s.-gottardo-di-mezzocorona/416458-2-ita-IT/Rassegna-S.-Gottardo-I-mantenuti-della-Filo-S.-Gottardo-di-Mezzocorona.jpg|,"Rassegna S. Gottardo: I mantenuti della Filo S. Gottardo di Mezzocoronaal gran debutto la commedia &quot,I mantenuti&quot, di Franco Kerschbaumer interpretata dalla filodrammatica di Mezzocorona nei giorni 3 e 4 febbraio alle 20.45 presso il teatro parrocchiale.",,03/02/2024,04/02/2024,,,,,,,,,,,Evento singolo,,,,,,,
Inaugurazione ponte sospeso sul monte di Mezzocorona,,var/mezzocorona/storage/images/turismo/calendario-eventi/inaugurazione-ponte-sospeso-sul-monte-di-mezzocorona/416483-1-ita-IT/Inaugurazione-ponte-sospeso-sul-monte-di-Mezzocorona.jpg|,"Venerdì 26 gennaio alle ore 12 infatti, inaugurazione del Ponte Sospeso in località Monte di Mezzocorona.",,26/01/2024,26/01/2024,,,,,,,,,,,Evento singolo,,,,,,,
Concerto a Palazzo al corso promosso dall'Associazione Castelli del Trentino,,var/mezzocorona/storage/images/turismo/calendario-eventi/concerto-a-palazzo-al-corso-promosso-dall-associazione-castelli-del-trentino/416868-1-ita-IT/Concerto-a-Palazzo-al-corso-promosso-dall-Associazione-Castelli-del-Trentino.jpg|,"Il giorno 8.2.24 alle 20.30 concerto presso Palazzo al Corso (sede della banda) alle ore 20.30 promosso dell'associazione Castelli de Trentino.&quot,Musica e voci nel romanticismo castellano dell'800&quot,Per i dettagli si veda la locandina allegata.",,08/02/2024,08/02/2024,,,,,,,,,,,Evento singolo,,,,,,,
I mercoledì della farmacia Zanini: Basta con questi Farmaci?,,var/mezzocorona/storage/images/turismo/calendario-eventi/i-mercoledi-della-farmacia-zanini-basta-con-questi-farmaci/417046-1-ita-IT/I-mercoledi-della-farmacia-Zanini-Basta-con-questi-Farmaci.jpg|,"I mercoledì della farmacia Zanini ricominciano il 21.2.24 presso la sede di Via Romana 2/a a Mezzocorona con la conferenza&quot,Basta con questi Farmaci?&quot, dei dott.ri Cattani Sergio e Zanini Paolo",,21/02/2024,21/02/2024,,,,,,,,,,,Evento singolo,,,,,,,
"Rassegna san Gottardo: Prova d'Amore a cura dell'Associazione ""La Sortiva"" di Denno",,var/mezzocorona/storage/images/turismo/calendario-eventi/rassegna-san-gottardo-prova-d-amore-a-cura-dell-associazione-la-sortiva-di-denno/418866-1-ita-IT/Rassegna-san-Gottardo-Prova-d-Amore-a-cura-dell-Associazione-La-Sortiva-di-Denno.jpg|,"Continua la Rassegna san Gottardo con la commediaProva d'Amore a cura dell'Associazione &quot,La Sortiva&quot, di Dennotesto di Ernesto Paternoster4.5.2024 h. 20.45",,04/05/2024,04/05/2024,,,,,,,,,,,Evento singolo,,,,,,,
Rassegna San Gottardo: El sior paron Bortolo della Filo di Cognola,,var/mezzocorona/storage/images/turismo/calendario-eventi/rassegna-san-gottardo-el-sior-paron-bortolo-della-filo-di-cognola/418891-1-ita-IT/Rassegna-San-Gottardo-El-sior-paron-Bortolo-della-Filo-di-Cognola.jpg|,Per la Rassegna San Gottardo si propone la commedia:El sior paron Bortolo della Filo di Cognola2.3.24 h. 20.45 presso teatro S. Gottardo,,02/03/2024,02/03/2024,,,,,,,,,,,Evento singolo,,,,,,,
Rassegna san Gottardo Tuti en terapia di Gloria Gabrielli,,var/mezzocorona/storage/images/turismo/calendario-eventi/rassegna-san-gottardo-tuti-en-terapia-di-gloria-gabrielli/418916-1-ita-IT/Rassegna-san-Gottardo-Tuti-en-terapia-di-Gloria-Gabrielli.jpg|,"Per la serie Rassegna san Gottardo è proposta la commedia&nbsp,Tuti en terapia di Gloria Gabrielli16.3.24 h. 20.45presso teatro san Gottardo",,16/03/2024,16/03/2024,,,,,,,,,,,Evento singolo,,,,,,,
Rassegna teatrale S. Gottardo: Le bosie le g'ha le gambe corte della Filo Toblino,,var/mezzocorona/storage/images/turismo/calendario-eventi/rassegna-teatrale-s.-gottardo-le-bosie-le-g-ha-le-gambe-corte-della-filo-toblino/418941-1-ita-IT/Rassegna-teatrale-S.-Gottardo-Le-bosie-le-g-ha-le-gambe-corte-della-Filo-Toblino.jpg|,Rassegna teatrale S. Gottardo: Le bosie le g'ha le gambe corte della Filo Toblino20.4.2024 h. 20.45presso teatro S. Gottardo,,20/04/2024,20/04/2024,,,,,,,,,,,Evento singolo,,,,,,,
Rassegna teatrale S. Gottardo: Ajo della filo di Sopramonte,,var/mezzocorona/storage/images/turismo/calendario-eventi/rassegna-teatrale-s.-gottardo-ajo-della-filo-di-sopramonte/418991-2-ita-IT/Rassegna-teatrale-S.-Gottardo-Ajo-della-filo-di-Sopramonte.jpg|,Rassegna teatrale S. Gottardo: Ajo della filo di Sopramonte6.4.24 h. 20.45presso teatro san Gottardo,,06/04/2024,06/04/2024,,,,,,,,,,,Evento singolo,,,,,,,
"Margherita Dolce Vita : commedia dei genitori ""Improvisattori"" per famiglie",,var/mezzocorona/storage/images/turismo/calendario-eventi/margherita-dolce-vita-commedia-dei-genitori-improvisattori-per-famiglie/419360-1-ita-IT/Margherita-Dolce-Vita-commedia-dei-genitori-Improvisattori-per-famiglie.jpg|,"La commedia &quot,Margherita Dolce Vita&quot, dei genitori &quot,Improvvisattori&quot, per famiglieil 9 e 10 marzo alle 17.00presso il Teatro San Gottardo di Mezzocoronail ricavato sarà destinato all'Oratorio di Mezzocorona",,09/03/2024,10/03/2024,,,,,,,,,,,Evento singolo,,,,,,,
"""Forza Mina"" con i ragazzi della Filodrammatica di Roverè della Luna",,var/mezzocorona/storage/images/turismo/calendario-eventi/forza-mina-con-i-ragazzi-della-filodrammatica-di-rovere-della-luna/419385-2-ita-IT/Forza-Mina-con-i-ragazzi-della-Filodrammatica-di-Rovere-della-Luna.jpg|,"&quot,Forza Mina&quot, con i ragazzi della Filodrammatica di Roverè della Lunapresso il teatro parrocchiale di Mezzocorona25 febbraio 2024 h. 16.00Entrata liberaLe offerte saranno devolute all'Associazione Mato grosso per finanziare un progetto in Ecuador.si veda la locandina allegata",,25/02/2024,,,,,,,,,,,,Evento singolo,,,,,,,
"Mostra d'Arte di Thomas Belz ""I colori di domani""",,var/mezzocorona/storage/images/turismo/calendario-eventi/mostra-d-arte-di-thomas-belz-i-colori-di-domani/420095-1-ita-IT/Mostra-d-Arte-di-Thomas-Belz-I-colori-di-domani.png|,,,01/03/2024,07/03/2024,,,,,,,,,,,Evento singolo,,,,,,,
"Mostra filatelica e numismatica ""Donne nella storia"" di Luigi Ress",,var/mezzocorona/storage/images/turismo/calendario-eventi/mostra-filatelica-e-numismatica-donne-nella-storia-di-luigi-ress/420350-1-ita-IT/Mostra-filatelica-e-numismatica-Donne-nella-storia-di-Luigi-Ress.png|,"Al piano terra della biblioteca di Mezzocorona è prevista la mostra&nbsp,filatelica e numismatica &quot,Donne nella storia&quot, a cura di Luigi Ress dal giorno 8 al giorno 21 marzo 2004.&nbsp,Essa è visitabile in orario di apertura della biblioteca",,08/03/2024,21/03/2024,,,,,,,,,,,Evento singolo,,,,,,,
"La biblioteca propone sul monte di Mezzocorona ""Chi cerca trova"" ",,var/mezzocorona/storage/images/turismo/calendario-eventi/la-biblioteca-propone-sul-monte-di-mezzocorona-chi-cerca-trova/420375-1-ita-IT/La-biblioteca-propone-sul-monte-di-Mezzocorona-Chi-cerca-trova.jpg|,"La biblioteca propone sul monte di Mezzocorona &quot,Chi cerca trova...11 Variopinte uova”&nbsp,sul Monte di Mezzocorona dal&nbsp, 10 marzo al 10 aprile 2024La biblioteca propone una caccia alle uova nascoste in 11 posti speciali del Monte, individuabili su una mappa da ritirare in biblioteca: ogni uovo si trova appeso e bisogna solo trovarlo ed individuarne il colore (non prenderlo!).I bambini che desiderano partecipare possono iscriversi in biblioteca e ritirare un poster, da colorare secondo le indicazioni delle uova trovate negli 11 posti speciali. Se il disegno del poster sarà riportato in biblioteca entro il 10/04/2024 colorato correttamente il bimbo riceverà un premio (è sufficiente colorare 10 su 11 aree).L’iniziativa è un invito alla passeggiata per gli adulti e una divertente caccia al tesoro&nbsp,alla scoperta del Monte per i bimbi e le bimbe dai 4 ai 10 anni.Foto di Mattia Digilio",,10/03/2024,10/04/2024,,,,,,,,,,,Evento singolo,,,,,,,
Hydro comics & podcast,,var/mezzocorona/storage/images/turismo/calendario-eventi/hydro-comics-podcast/420400-1-ita-IT/Hydro-comics-podcast.jpg|,Tre giorni di eventi ambientali dedicati ai ragazzi promossi da GreenMarked:presentazione iniziativa il giorno 8.3.24 h. 18.30 presso l'Auditorium dell'istituto Martino Martini di Mezzolombardosi veda la locandina allegata,,08/03/2024,08/03/2024,,,,,,,,,,,Evento singolo,,,,,,,
"Mostra ""Professione donna"" presso la Comunità di Valle",,var/mezzocorona/storage/images/turismo/calendario-eventi/mostra-professione-donna-presso-la-comunita-di-valle/420425-1-ita-IT/Mostra-Professione-donna-presso-la-Comunita-di-Valle.jpg|,"E' esposta la mostra &quot,Professione donna&quot, con fotografie di Marco Weber dall'8 al 29 marzo 2024 presso la Comunità di Valle Rotaliana Koenigsberg a Mezzocorona.Per ulteriori informazioni si veda l'allegata locandina",,08/03/2024,29/03/2024,,,,,,,,,,,Evento singolo,,,,,,,
Laboratorio di Pasqua con Fantarte,,var/mezzocorona/storage/images/turismo/calendario-eventi/laboratorio-di-pasqua-con-fantarte/420475-1-ita-IT/Laboratorio-di-Pasqua-con-Fantarte.jpg|,"In data 9 marzo l'associazione Fantarte propone attività per i piccoli quali giochi all'aperto, caccia alle uova e laboratorio di creatività presso casa Postal (via Sentieri 26 Mezzocorona) h. 14-16.Per ulteriori informazioni si veda la locandina allegata.",,09/03/2024,09/03/2024,,,,,,,,,,,Evento singolo,,,,,,,
"Giornata internazionale della donna ""La tombola al circolo""",,var/mezzocorona/storage/images/turismo/calendario-eventi/giornata-internazionale-della-donna-la-tombola-al-circolo/420500-3-ita-IT/Giornata-internazionale-della-donna-La-tombola-al-circolo.jpg|,Il circolo anziani e pensionati S. Gottardo organizza la tombola al circolo il giorno 8 marzo alle h. 15.30.,,08/03/2024,,,,,,,,,,,,Evento singolo,,,,,,,
Escursione in bassa Atesina con la SAT- Sezione di Mezzocorona,,var/mezzocorona/storage/images/turismo/calendario-eventi/escursione-in-bassa-atesina-con-la-sat-sezione-di-mezzocorona/420525-1-ita-IT/Escursione-in-bassa-Atesina-con-la-SAT-Sezione-di-Mezzocorona.jpg|,"La SAT propone una escursione in Bassa Atesina,&nbsp, conosciuta per il Lago di Caldaro, per le estensioni di vigneti e frutteti, per le numerose attività, in particolare bici e camminate, che si possono praticare tutto l’anno. Un percorso alla scoperta di un territorio vicino che ci porterà a camminare fra campagne, boschi, paesi, masi e chiese disseminate sulle coste soleggiate di questo lembo di Alto Adige.L'attività è prevista in data 17.2.2024.www.satmezzocorona.it",,17/03/2024,,,,,,,,,,,,Evento singolo,,,,,,,
Manovre salvavita proposte dalla Croce rossa italiana: incontro informativo all'Oratorio,,var/mezzocorona/storage/images/turismo/calendario-eventi/manovre-salvavita-proposte-dalla-croce-rossa-italiana-incontro-informativo-all-oratorio/421710-1-ita-IT/Manovre-salvavita-proposte-dalla-Croce-rossa-italiana-incontro-informativo-all-Oratorio.jpg|,La croce rossa italiana - comitato provinciale di Trento propone un incontro sulle manovre salvavita e la prevenzione degli incidenti dell'età pediatrica venerdì 15.3.24 h.20.30 presso Oratorio di Mezzocorona.Ingresso gratuito,,15/03/2024,15/03/2024,,,,,,,,,,,Evento singolo,,,,,,,
Serata informativa sulle Comunità energetiche rinnovabili,,var/mezzocorona/storage/images/turismo/calendario-eventi/serata-informativa-sulle-comunita-energetiche-rinnovabili/421750-3-ita-IT/Serata-informativa-sulle-Comunita-energetiche-rinnovabili.jpg|,"COMUNITÀ ENERGETICHE RINNOVABILIIl 20 marzo 2024 alle 20.00 presso l'auditorium della cassa di Trento a Mezzocorona.Serata informativa aperta a tutta la popolazione per la divulgazionee la promozione di un progetto di comunità energetica nato sulla piana rotaliana. Nella serata verrà presentato il progetto, i benefici ambientali, sociali ed economici per le famiglie e le imprese e verranno raccoltele manifestazioni di interesse.Tutti i dettagli nella allegata locandina.",www.comune.mezzocorona.tn.it/content/download/45698/421752/20 marzo assemblea mezzocorona.pdf,20/03/2024,20/03/2024,,,,,,,,,,,Evento singolo,,,,,,,
Suoni antichi riscoperti a Mezzocorona,,var/mezzocorona/storage/images/turismo/calendario-eventi/suoni-antichi-riscoperti-a-mezzocorona/421800-1-ita-IT/Suoni-antichi-riscoperti-a-Mezzocorona.jpg|,"SABATO 14 APRILE 2024Mezzocorona&nbsp,|&nbsp,Chiesa parrocchiale S. Maria AssuntaOre 20.00Concerto dei maestri Alex Gai e&nbsp,Ai Yoshida - Organo a quattro maniA seguire racconto dei prodotti locali con piccola degustazione&nbsp,L'evento fa parte di una rassegna di&nbsp,11 concerti&nbsp,con la direzione artistica del Maestro Simone Vebber,&nbsp,che avrà luogo nelle chiese dei comuni della Piana Rotaliana Königsberg e della Val di Cembra da&nbsp,ottobre 2023 ad&nbsp,aprile 2024.I concerti si presentano come “duetti” che vedono accanto all’organo la presenza di cori (Coro di Pressano, Coro di voci bianche “Celestino Eccher”, Coro Rigoverticale),cantanti (soprano, mezzosoprano), strumenti musicali noti (oboe, corno delle Alpi, violoncello) e meno conosciuti come il karnyx e il theremin. Un viaggio dunque che partendo dalla tradizione cerca di stimolare anche nuove forme artistiche per far apprezzare la capacità comunicativa e di coinvolgimento della musica.&nbsp,Ecco il programma dettagliato:https://www.pianarotaliana.it/eventi/eventi/suoni-antichi-riscoperti",,14/04/2024,,,,,,,,,,,,Evento singolo,,,,,,,
"Presentazione del libro di Marco Veronese ""Amaro destino""",,var/mezzocorona/storage/images/turismo/calendario-eventi/presentazione-del-libro-di-marco-veronese-amaro-destino/423459-1-ita-IT/Presentazione-del-libro-di-Marco-Veronese-Amaro-destino.jpg|,"Presentazione del libro di Marco Veronese &quot,Amaro destino&quot,in biblioteca il 5 aprile alle ore 18.00.L’odissea dell’alcoolismo, vista e vissuta con gli occhi di chi è riuscito a conquistarsi, con fatiche e continue sfide, il biglietto di ritorno. L’autore racconta la sua esperienza ventennale nella dipendenza, attraverso una raccolta di poesie crude e dirette che ripercorrono le paure, i dolori, le sconfitte personali ma anche la forza di trovare lentamente una via d’uscita tra mille diffidenze e giudizi. Un percorso di lotta, di sconfitte, di lacerazioni ma anche di rinascita e di riaffermazione.Marco Veronese sta presentando la sua storia in un dialogo aperto con il pubblico fatto di domande e risposte sul tema, al fine di promuovere l’importanza della prevenzione e della corretta informazione su una tematica così delicata.&nbsp,Interverrà Donato Giovannini, Presidente della Sezione ACAT Paganella-Cembra-Rotaliana.Iniziativa in collaborazione con l’assessorato alle attività sociali del Comune di Mezzocorona",,05/04/2024,,,,,,,,,,,,Evento singolo,,,,,,,
Draghi e dinosauri al castello di S. Gottardo: conferenza in biblioteca,,var/mezzocorona/storage/images/turismo/calendario-eventi/draghi-e-dinosauri-al-castello-di-s.-gottardo-conferenza-in-biblioteca/423484-1-ita-IT/Draghi-e-dinosauri-al-castello-di-S.-Gottardo-conferenza-in-biblioteca.jpg|,"Draghi e dinosauri al castello di S. Gottardo: conferenza in biblioteca a cura di Margherita Faesil 12 aprile alle ore 17.00 la biblioteca propone un incontro informativo per tutti per conoscere la leggenda de Basilisco di Mezzocorona e la scoperta delle orme dei dinosauri del Castello di S. Gottardo, fatta esattamente 20 anni fa da Marco Avanzini e Matteo Rinaldo, geologi del Muse.&nbsp,Entrambi gli approfondimenti derivano dallo studio delle pubblicazioni sugli argomenti ed in particolare della&nbsp, pubblicazione “Le orme dei dinosauri del castello di S. Gottardo di Mezzocorona con cenni alla storia del castello” di M. Avanzini, M. Bernardi, F. Petti e L. Melchiori, ed. Comune di Mezzocorona e Muse, 2010 (in esaurimento).",,12/04/2024,,,,,,,,,,,,Evento singolo,,,,,,,
"Mostra ""Loving Depero"" di Luciana Zecchini e Paolo Frizzera in biblioteca",,var/mezzocorona/storage/images/turismo/calendario-eventi/mostra-loving-depero-di-luciana-zecchini-e-paolo-frizzera-in-biblioteca/423509-1-ita-IT/Mostra-Loving-Depero-di-Luciana-Zecchini-e-Paolo-Frizzera-in-biblioteca.jpg|,"A seguito del successo della mostra proposta durante il Settembre Rotaliano 2023 si propone al piano terra della biblioteca una piccola mostra d’arte con arazzi e opere in stile Depero. La mostra è visitabile in orario d’apertura al piano terra della biblioteca.  &nbsp,    &nbsp,Paolo Frizzera (@paul_frizzers)&nbsp,    Luciana Zecchini&nbsp,  &nbsp,",,22/03/2024,03/05/2024,,,,,,,,,,,Evento singolo,,,,,,,
I mercoledì della Farmacia Zanini: sentire bene per sentirsi bene,,var/mezzocorona/storage/images/turismo/calendario-eventi/i-mercoledi-della-farmacia-zanini-sentire-bene-per-sentirsi-bene/423534-1-ita-IT/I-mercoledi-della-Farmacia-Zanini-sentire-bene-per-sentirsi-bene.jpg|,"I mercoledì della Farmacia Zanini: sentire bene per sentirsi beneconferenza sulle piccole patologie dell'orecchio a cura di Alessandro Laboria, ottorino3 aprile ore 20.30Mezzocorona via Roana 2/AIngresso libero",,03/04/2024,,,,,,,,,,,,Evento singolo,,,,,,,
"""Che spettacolo questo giardino!"" a cura dei genitori della scuola materna",,var/mezzocorona/storage/images/turismo/calendario-eventi/che-spettacolo-questo-giardino!-a-cura-dei-genitori-della-scuola-materna/423559-1-ita-IT/Che-spettacolo-questo-giardino!-a-cura-dei-genitori-della-scuola-materna.jpg|,"&quot,Che spettacolo questo giardino!&quot, a cura dei genitori della scuola maternasabato 13.4.24 h. 16.00 ed h.20.30 (replica)Ingresso a offerta libera",,13/04/2024,13/04/2024,,,,,,,,,,,Evento singolo,,,,,,,
Fiera di San Gottardo il 14 aprile,,var/mezzocorona/storage/images/turismo/calendario-eventi/fiera-di-san-gottardo-il-14-aprile/424745-2-ita-IT/Fiera-di-San-Gottardo-il-14-aprile.png|,"Si informa che&nbsp,DOMENICA 14 APRILEavrà luogo la tradizionale “fiera di San Gottardo”. Le bancarelle saranno disposte sulle vie e piazze del centro e precisamente:&nbsp,Via Dante - Piazza della Chiesa - Piazza San Gottardo - Via Romana - Via San Giovanni Bosco - Via 4 Novembre.&nbsp,In Piazza della Chiesa sarà presente il VASO DELLA FORTUNA, organizzato dall’Associazione Oratorio di Mezzocorona.",,14/04/2024,14/04/2024,,,,,,,,,,,Evento singolo,,,,,,,
Suoni antichi riscoperti a Mezzocorona,,var/mezzocorona/storage/images/turismo/calendario-eventi/suoni-antichi-riscoperti-a-mezzocorona2/424830-1-ita-IT/Suoni-antichi-riscoperti-a-Mezzocorona.jpg|,"Suoni antichi riscoperti a Mezzocorona il 14 aprile 2024 h. 20.00 presso la chiesa parrocchiale di Mezzocorona concerto&nbsp, di Ai Yoshida (organo) e Paolo Trettel (tromba).",,09/04/2024,,,,,,,,,,,,Evento singolo,,,,,,,
Fiabe e denaro in biblioteca,,var/mezzocorona/storage/images/turismo/calendario-eventi/fiabe-e-denaro-in-biblioteca/424966-1-ita-IT/Fiabe-e-denaro-in-biblioteca.jpg|,"Il laboratorio prevede l’utilizzo di fiabe che, attraverso la creatività della scrittura e un linguaggio adatto ai bambini, propongono una riflessione sul tema del risparmio e dell’uso responsabile del denaro. La lettura delle fiabe è corredata da schede con giochi e attività che verranno svolti nella seconda parte del laboratorio.L'attività è offerta da Fondazione Caritro e proposta da SBT Sistema bibliotecario trentino.",www.comune.mezzocorona.tn.it/content/download/46029/424968/LOCANDINA.pdf,23/04/2024,23/04/2024,,,,,,,,,,,Evento singolo,,,,,,,
Mercoledì della farmacia Zanini: Vita sana in casa sana,,var/mezzocorona/storage/images/turismo/calendario-eventi/mercoledi-della-farmacia-zanini-vita-sana-in-casa-sana/425915-1-ita-IT/Mercoledi-della-farmacia-Zanini-Vita-sana-in-casa-sana.jpg|,Mercoledì della farmacia Zanini: Vita sana in casa sanaintervengono Claudio Pichler e Bruno Postalmercoledì 8 maggio ore 20.30 presso la sede di Via Romana 2/a,,08/05/2024,,,,,,,,,,,,Evento singolo,,,,,,,
Sorprese a 4 mani per la mamma iniziativa della biblioteca per bambini/e,,var/mezzocorona/storage/images/turismo/calendario-eventi/sorprese-a-4-mani-per-la-mamma-iniziativa-della-biblioteca-per-bambini-e/425970-1-ita-IT/Sorprese-a-4-mani-per-la-mamma-iniziativa-della-biblioteca-per-bambini-e.jpg|,"La biblioteca di Mezzocorona proponeGIOVEDI’ 9 MAGGIO 2024 H. 16.30-17.30SORPRESE A QUATTRO MANI (PER LA MAMMA)&nbsp,Letture e laboratorio creativo per coppie di bambino/a più adulto&nbsp,IN BIMBOTECA A MEZZOCORONA&nbsp,&nbsp,La biblioteca invita i bimbi e le bimbe dai 3 ai 7 anni in bimboteca ad ascoltare divertenti storie della casa editrice Minibombo e a realizzare un lavoretto a sorpresa per la mamma insieme al papà o a qualche altro accompagnatore speciale.&nbsp,Iscrizioni aperte.&nbsp,Illustrazione da “Non aver paura piccolo granchio” di Chris Haugton-ed. Lapis",,09/05/2024,,,,,,,,,,,,Evento singolo,,,,,,,
Incontro con l'autrice Monica Finardi,,var/mezzocorona/storage/images/turismo/calendario-eventi/incontro-con-l-autrice-monica-finardi/425995-1-ita-IT/Incontro-con-l-autrice-Monica-Finardi.jpg|,"VENERDI’ 3 MAGGIO H. 20.00Monica Finardi presenta il libro“LA VIA DELLA GUARIGIONE”IN BIBLIOTECA A MEZZOCORONA&nbsp,&nbsp,Nel libro “La via della guarigione: per diventare alchimisti delle proprie vite” di Anima edizioni, l'autrice (di Mezzocorona) si racconta con l'aiuto dei maestri dell'Akasha. Ogni capitolo inizia con un messaggio che diventa uno spunto di riflessione per chiunque legga e prosegue con la storia raccontata in prima persona, partendo dal 2014 con la diagnosi di cancro al seno.&nbsp,“Tutto è opportunità, anche la malattia se impariamo ad ascoltare il nostro corpo e i messaggi che l’universo ci dona mostrandoci la via per diventare alchimisti delle proprie vite” Monica&nbsp,L’iniziativa è organizzata in collaborazione con l’assessorato alla salute del Comune di Mezzocorona.",,03/05/2024,,,,,,,,,,,,Evento singolo,,,,,,,
Due storie da conoscere: La Samatec e la bretella Sepi 2,,var/mezzocorona/storage/images/turismo/calendario-eventi/due-storie-da-conoscere-la-samatec-e-la-bretella-sepi-2/428129-2-ita-IT/Due-storie-da-conoscere-La-Samatec-e-la-bretella-Sepi-2.png|,"Una serata per conoscere due storie di impegno civile in biblioteca&nbsp,Due storie da conoscere: la Samatec e la bretella SEPI 2a cura di Gabriella Zanini e Roberto Devigiliinterverrà Rodolfo Taiani del Museo storico del Trentino22.5.2024 h. 20.30 auditorium cassa di Trento a MezzocoronaIn collaborazione con l'assessorato alla salute e alle attività sociali del Comune di Mezzocorona.",,22/05/2024,,,,,,,,,,,,Evento singolo,,,,,,,
"Incontro con l'autrice Lucia Brunialti per la presentazione del libro ""10 pomodorini al giorno""",,var/mezzocorona/storage/images/turismo/calendario-eventi/incontro-con-l-autrice-lucia-brunialti-per-la-presentazione-del-libro-10-pomodorini-al-giorno/428847-1-ita-IT/Incontro-con-l-autrice-Lucia-Brunialti-per-la-presentazione-del-libro-10-pomodorini-al-giorno.jpg|,"VENERDI’ 24 MAGGIO H. 20.30Lucia Brunialti presenta il libro“10 POMODORINI AL GIORNO”IN BIBLIOTECA A MEZZOCORONA&nbsp,&nbsp,Lucia Brunialti è una bibliotecaria, autrice del libro autobiografico “10 pomodorini al giorno: come la musica mi ha salvato la vita”. La sua storia è un viaggio toccante attraverso un disturbo alimentare, una vera e propria sfida che Lucia ha trovato la forza di vincere grazie alla musica e al suo straordinario talento.L’iniziativa è organizzata in collaborazione con l’assessorato alla salute del Comune di Mezzocorona.",,24/05/2024,,,,,,,,,,,,Evento singolo,,,,,,,
"Presentazione del libro della scuola media di Mezzocorona ""Paesaggi minerari""",,var/mezzocorona/storage/images/turismo/calendario-eventi/presentazione-del-libro-della-scuola-media-di-mezzocorona-paesaggi-minerari/428872-1-ita-IT/Presentazione-del-libro-della-scuola-media-di-Mezzocorona-Paesaggi-minerari.jpg|,"Presentazione del libro della scuola media di Mezzocorona &quot,Paesaggi minerari&quot,, scuola viva 4giovedì 23.5.24 h. 20.00 in biblioteca sala mansardaper il programma si veda l'allegata locandina.",,23/05/2024,,,,,,,,,,,,Evento singolo,,,,,,,
Pro Loco Mezzocorona: Mostra del Teroldego Rotaliano 17 - 18 - 19 maggio ,,var/mezzocorona/storage/images/turismo/calendario-eventi/pro-loco-mezzocorona-mostra-del-teroldego-rotaliano-17-18-19-maggio/428897-1-ita-IT/Pro-Loco-Mezzocorona-Mostra-del-Teroldego-Rotaliano-17-18-19-maggio.jpg|,"Mostra del Teroldego Rotaliano17 - 18 - 19 maggio&nbsp,La&nbsp,Mostra del Teroldego Rotaliano&nbsp,è un percorso di degustazione allestito nelle prestigiose sale e negli ambienti esterni di&nbsp,Palazzo Conti Martini&nbsp,a&nbsp,Mezzocorona, che&nbsp,presenta un itinerario tra etichette locali,&nbsp,rappresentando un’occasione unica ed irripetibile per poter degustare la totalità della produzione di&nbsp,Teroldego Rotaliano D.O.C.Un evento degno della&nbsp,prima DOC varietale, che riunisce amanti del vino&nbsp,e addetti ai lavori per assaggiare le molte interpretazioni dell’autoctono rosso trentino. In programma&nbsp,masterclass&nbsp,e&nbsp,degustazioni, ma anche occasioni per conoscere il territorio e le sue specialità gastronomiche.&nbsp,Venerdì 17 maggioOre 17.30DEGUSTAZIONE/MASTERCLASS“Annate a confronto, 2011-2021, evoluzione o rivoluzione?”Conduce: Roberto Anesi&nbsp,Quota di partecipazione: € 25 (15€ Assoenologi)&nbsp,- pagamento in locoInfo e prenotazioni: Tel. 0461 1752525 -&nbsp,info@pianarotaliana.it&nbsp,Ore 18.00Inaugurazione 33a edizione della Mostra&nbsp,Ore 19.30 - 24.00WINE&amp,MUSIC A PALAZZOWINE BAR a cura di AIS: in degustazione oltre 30 etichette di Teroldego Rotaliano in abbinamento ai finger food del Ristorante Tre Cime e angolo Cocktail by GianlucaLIVE MUSIC con il Duo GlovesIngresso libero: possibilità di acquistare la singola degustazione in loco&nbsp,Sabato 18 maggioOre 14.00 - 15.30DEGUSTAZIONE/MASTERCLASSa cura di Teroldego EvolutionI diversi affinamenti del Teroldego: dal legno, al cemento, all’acciaio, alla ceramica, all’anforaQuota di partecipazione: € 25&nbsp,(15€ Assoenologi) - pagamento in locoInfo e prenotazioni: tel. 0461 1752525 -&nbsp,info@pianarotaliana.it&nbsp,Ore 16.00 - 19.00ANTEPRIMA TEROLDEGO ROTALIANO 2023Banchi d’assaggio con i produttori che presenteranno le prove di botte dell’ultima annata incantinataQuota di partecipazione: € 20 (Sommellerie e Assoenologi 10€)&nbsp,19.00 - 24.00WINE&amp,MUSIC A PALAZZOWINE BAR a cura di AIS: in degustazione oltre 30 etichette di Teroldego Rotaliano in abbinamento ai finger food dell’Hotel Caffè Centrale e angolo Cocktail by GianlucaLIVE MUSIC con Ina ProssIngresso libero: possibilità di acquistare la singola degustazione in loco&nbsp,Domenica 19 maggioOre 9.30 / 10.30 / 11.30VISITE A PALAZZOVisite guidate da Margherita Faes alle sale di Palazzo MartiniInfo e prenotazioni: Tel. 0461 1752525,&nbsp,info@pianarotaliana.it&nbsp,Ore 10.30 - 12.00DEGUSTAZIONE/MASTERCLASS ONAVTeroldego Vino Principe della Piana RotalianaDegustazione guidata secondo ONAV di 3 Teroldego rosato, 3 Teroldego classico, 3 Teroldego da surmaturazione (appassimento delle uve)Quota partecipazione: € 30 - pagamento in locoInfo e prenotazioni:&nbsp,luca.miorandi@gmail.comP=ossOre 12.00 - 15.00TEROLDEGO&amp,SAPORI A PALAZZOPranzo tipico con tortel di patate + 32 etichette di teroldego Rotaliano tra cui sceglierePossibilità di varianti per vegetariani, intolleranti al lattosio e celiaciNon serve prenotazione&nbsp,Organizza la Pro Loco di Mezzocorona",,17/05/2024,19/05/2024,,,,,,,,,,,Evento singolo,,,,,,,
Escursione a monte Maggio organizzata dalla SAT sezione di Mezzocorona,,var/mezzocorona/storage/images/turismo/calendario-eventi/escursione-a-monte-maggio-organizzata-dalla-sat-sezione-di-mezzocorona/428922-1-ita-IT/Escursione-a-monte-Maggio-organizzata-dalla-SAT-sezione-di-Mezzocorona.jpg|,"Escursione a monte Maggio molto interessante sia sotto l’aspetto paesaggistico che sotto quello storico. L’itinerario ricalca infatti il percorso di camminamenti e mulattiere della Prima Guerra Mondiale che si insinuavano fra le pieghe della montagna fra Serrada e il Monte Maggio. Emozionante il passaggio nella Forra del Lupo, trincea austroungarica ripristinata dal lavoro dei volontari della SAT di Rovereto e degli Alpini di Serrada e Terragnolo, che offre spettacolari vedute sulla valle di Terragnolo, il Passo della Borcola ed il Massiccio del Pasubio.data dell'escursione: 26.5.24Per info seguire il linksatmezzocorona.it",,26/05/2024,,,,,,,,,,,,Evento singolo,,,,,,,
Costruiamo un Bee Lapbook alla scoperta delle api in biblioteca (Agrifamily),,var/mezzocorona/storage/images/turismo/calendario-eventi/costruiamo-un-bee-lapbook-alla-scoperta-delle-api-in-biblioteca-agrifamily/429356-1-ita-IT/Costruiamo-un-Bee-Lapbook-alla-scoperta-delle-api-in-biblioteca-Agrifamily.jpg|,"La biblioteca nell'ambito della festa delle famiglie Agrifamily propone il laboratorio&nbsp,BEE – LAPBOOK: alla scoperta della api&nbsp,Laboratorio didattico per bambini dai 5 ai 10 anni&nbsp,in Bimboteca il 30.5.2024 h. 16.15-17.45 Per info ed iscrizioni Biblioteca di Mezzocorona (via Baron Cristani 1) 38106 Mezzocorona&nbsp, Tel 0461 608182/83 biblioteca@comune.mezzocorona.tn.it",,17/05/2024,,,,,,,,,,,,Evento singolo,,,,,,,
Concerto all'alba sul Monte: POSTI ESAURITI ,,var/mezzocorona/storage/images/turismo/calendario-eventi/concerto-all-alba-sul-monte-posti-esauriti/430243-1-ita-IT/Concerto-all-alba-sul-Monte-POSTI-ESAURITI.jpg|,"IL&nbsp, COMUNE DI MEZZOCORONA PROPONE L'EVENTO:DOMENICA 2 GIUGNO 2024 ore 5.00 a.m.GOD SAVE THE QUEEN70 anni di rock sotto il regno di Elisabetta II&nbsp,CONCERTO ALL’ALBA DEL GRUPPO CARONTE - MONTE DI MEZZOCORONA -c/o SKYWALKPIRTROPPO IN DATA 30.5.2024 SONO ESAURITI I POSTI&nbsp,&nbsp,&nbsp,Il Comune di Mezzocorona vi invita allo spazio dello Skywalk sul Monte in occasione di un concerto all’alba per violino, violoncello, arpa e pianoforte: trattasi di un suggestivo percorso musicale che si snoda fra brani di Donegan, Cliff Richard, Beatles, Cat Stevens, Elton John, Bowie ed altri.Il concerto è gratuito e per quest’occasione la FuniviaMonte di Mezzocorona include nel prezzo del biglietto di a/r una colazione al Monte servita presso lo Skywalk.La funivia è attiva dalle ore 4.00 alle ore 5.30 e dalle ore 7.30 in poi.Per questioni organizzative si raccomanda la prenotazione in Biblioteca a Mezzocorona (tel. 0461 608182, e: biblioteca@comune.mezzocorona.tn.it) entro il 31 maggio 2024 ore 19.00.&nbsp,In caso di pioggia l’evento si svolge presso Albergo Tre Cime sul Monte alla stessa ora. &nbsp,&nbsp,&nbsp,&nbsp,&nbsp,&nbsp,&nbsp,&nbsp,&nbsp,&nbsp, &nbsp,&nbsp,&nbsp,&nbsp,&nbsp,&nbsp,&nbsp,&nbsp,&nbsp,&nbsp,&nbsp,&nbsp,&nbsp,&nbsp,&nbsp,&nbsp,&nbsp,&nbsp,&nbsp,&nbsp,&nbsp,&nbsp,&nbsp,&nbsp,&nbsp,&nbsp,&nbsp,&nbsp,&nbsp,&nbsp, &nbsp,&nbsp,&nbsp,&nbsp,&nbsp,&nbsp,&nbsp,&nbsp,&nbsp,&nbsp,&nbsp,&nbsp,&nbsp,&nbsp,&nbsp,&nbsp,&nbsp,&nbsp,&nbsp,&nbsp,&nbsp,&nbsp,&nbsp,&nbsp,&nbsp,&nbsp,&nbsp,&nbsp,&nbsp,&nbsp,&nbsp,&nbsp,&nbsp,&nbsp,&nbsp,&nbsp,&nbsp,&nbsp,&nbsp,&nbsp,&nbsp,&nbsp,&nbsp,&nbsp,&nbsp,&nbsp,&nbsp,&nbsp,&nbsp,&nbsp,&nbsp,&nbsp,&nbsp,&nbsp,&nbsp,&nbsp,&nbsp,&nbsp,&nbsp,&nbsp,&nbsp,&nbsp,&nbsp,&nbsp,&nbsp,&nbsp,&nbsp,&nbsp,&nbsp,&nbsp,&nbsp,&nbsp,&nbsp,&nbsp,&nbsp,&nbsp,&nbsp,&nbsp,",,02/06/2024,,,,,,,,,,,,Evento singolo,,,,,,,
Un lapbook alla scoperta dell'ape in biblioteca per Agrifamily,,var/mezzocorona/storage/images/turismo/calendario-eventi/un-lapbook-alla-scoperta-dell-ape-in-biblioteca-per-agrifamily/430279-1-ita-IT/Un-lapbook-alla-scoperta-dell-ape-in-biblioteca-per-Agrifamily.jpg|,"La biblioteca propone&nbsp,GIOVEDì 30 MAGGIO ore 16.15-17.45BEE LAPBOOK&nbsp, ALLA SCOPERTA DELLE APIIN BIMBOTECA &nbsp,&nbsp,La biblioteca di Mezzocorona nell’ambito delle iniziative di Agrifamily 2024 propone un laboratorio didattico per bambini dai 5 ai 10 anni alla scoperta del mondo delle api.Sono previste letture a tema e laboratorio creativo per la costruzione di un lapbook che ogni partecipante potrà portarsi a casa (cfr. immagine).L’iniziativa è gratuita ma per questioni organizzative a raccomandata la prenotazione in biblioteca a Mezzocorona (telefonica o via email).",www.comune.mezzocorona.tn.it/content/download/46595/430281/agrifamily 24        - al METS.png,30/05/2024,,,,,,,,,,,,Evento singolo,,,,,,,
Storie da conivivivere con ACAT in biblioteca,,var/mezzocorona/storage/images/turismo/calendario-eventi/storie-da-conivivivere-con-acat-in-biblioteca/430304-1-ita-IT/Storie-da-conivivivere-con-ACAT-in-biblioteca.jpg|,"La sezione ACAT Paganella-Val di Cembra-Rotaliana presenta:STORIE DA CONDIVIVERE: STORIE DI RINASCITA E DI CAMBIAMENTO CHE CI INSEGNANO LA FORZA DELLA CONDIVISIONEBIBLIOTECA DI MEZZOCORONA, SALA MANSARDAVenerdì 31 maggio 2024 h. 20.15&nbsp,&nbsp,&nbsp,Vi invitiamo ad una serata di testimonianze, conoscenza e dialogo promossa dall’ACAT insieme ad altre associazione e realtà che si occupano di salute e di benessere sul nostro territorio.&nbsp,Interverrà Donato Giovannini, Presidente della Sezione ACAT Paganella-Cembra-Rotaliana.L’ iniziativa è proposta in collaborazione con l’assessorato alle attività sociali del Comune di Mezzocorona.",,31/05/2024,,,,,,,,,,,,Evento singolo,,,,,,,
Sempre sia Rodato con Alessandro Bergonzoni-Solstizio d'Estate,,var/mezzocorona/storage/images/turismo/calendario-eventi/sempre-sia-rodato-con-alessandro-bergonzoni-solstizio-d-estate/430335-1-ita-IT/Sempre-sia-Rodato-con-Alessandro-Bergonzoni-Solstizio-d-Estate.jpg|,"Il primo spettacolo del Festival Solstizio d'Estate a Mezzocorona si svolge in data 4.6.2024 alle ore 21.30.Trattasi di &quot,Sempre sia Rodato&quot, teatro comico d'attore di Alessandro Bergonzoni.La descrizione dello spettacolo, la modalità di prenotazione e tutto quello che di speciale si può fare sul territorio quella sera sono descritti al seguente link:https://www.solstiziodestate.it/sempre-sia-rodato-20-prove-aperte-al-chiuso-o-viceversa/",,04/06/2024,,,,,,,,,,,,Evento singolo,,,,,,,
Palazzi Aperti a Mezzocorona,,var/mezzocorona/storage/images/turismo/calendario-eventi/palazzi-aperti-a-mezzocorona4/430917-1-ita-IT/Palazzi-Aperti-a-Mezzocorona.jpg|,"La biblioteca proponeVENERDI’ 7 GIUGNO 2024PALAZZI APERTI A MEZZORONA: VISITE GUIDATE A PALAZZO MARTINI E A PALAZZO FIRMIANOre 15.30-16.15: Visita guidata a Palazzo Martini, sede di rappresentanza della Cassa di Trento (via Dante 4 Mezzocorona), nobiliare villa secentesca con arredi e pitture del XVII e XVIII secolo, stube con boiserie decorate e pregiate stufe in maiolica della manifattura di Sfruz.Ore 17.00-17.45: Visita guidata al settecentesco Palazzo Firmian, prestigiosa sede del Comune di Mezzocorona (piazza Chiesa, 1 Mezzocorona), con affreschi di Paul Troger (1698-1762) e stube con boiserie decorata e stufe in maiolica.Le visite sono gratuite e curate dalle bibliotecarie. E’ raccomandata la prenotazione in biblioteca essendo le visite a numero chiuso.",,07/06/2024,,,,,,,,,,,,Evento singolo,,,,,,,
Civil week dell'istituto comprensivo,,var/mezzocorona/storage/images/turismo/calendario-eventi/civil-week-dell-istituto-comprensivo/430978-1-ita-IT/Civil-week-dell-istituto-comprensivo.jpg|,"Nei giorni 5, 6, e 7 giugno 2024 l'istituto comprensivo di Mezzocorona propone il civil week, un week end di educazione alla cittadinanza che propone moltepeici attività fuori e dentro la mura delle scuole.Inaugurazione:PIAZZA DELLA CHIESA - MEZZOCORONA h. 9.",,05/06/2024,07/06/2024,,,,,,,,,,,Evento singolo,,,,,,,
Incontro con Umberto Galimberti,,var/mezzocorona/storage/images/turismo/calendario-eventi/incontro-con-umberto-galimberti/431003-1-ita-IT/Incontro-con-Umberto-Galimberti.png|,Nell'ambito del civil week l'istituto comprensivo di Mezzocorona organizza l'incontro con Umberto Galimberti il 6.6.24 h. 18 presso Auditorium della Cassa di Trento a Mezzocorona.,,06/06/2024,,,,,,,,,,,,Evento singolo,,,,,,,
Solstizio d'Estate: concerto Giancane Live,,var/mezzocorona/storage/images/turismo/calendario-eventi/solstizio-d-estate-concerto-giancane-live/431132-1-ita-IT/Solstizio-d-Estate-concerto-Giancane-Live.jpg|,"Concerto&nbsp,Giancane&nbsp,liveil 13 giugno al PalaRotari è il momento del “concertone” di Solstizio: live a 10 anni dall’uscita di “Carne” l'universo musicale di GIANCANE, alias Giancarlo Barbati. Con uno spettacolo dall'anima punk, sia nella sostanza che nella forma, nel suo ultimo tour Giancane riporta la “Carne”, quella del disco andato in stampa dieci anni fa, ma quanto mai attuale. Non solo una raccolta di brani che navigano attraverso anni di vita, ma anche un dialogo aperto e ironico con il pubblico, spezzato da battute improvvisate e siparietti che ricordano la grande tradizione degli Skiantos e degli Elii: dove l’ironia incontra la musica c’è il posto di Giancane.E anche il tuo, riservalo qui: https://lc.cx/qsLQ52   Anfiteatro Palarotari, Mezzocorona Giovedì, 13 giugno 21.30Prima dello spettacolo, a partire dalle ore 20.00, visita alla Cantina Rotari#SolstizioXXXIII",,13/06/2024,,,,,,,,,,,,Evento singolo,,,,,,,
"Solstizio d'Estate: STAI ZITTA!"", spettacolo teatrale tratto dal libro di Michela Murgia.",,var/mezzocorona/storage/images/turismo/calendario-eventi/solstizio-d-estate-stai-zitta!-spettacolo-teatrale-tratto-dal-libro-di-michela-murgia/431157-1-ita-IT/Solstizio-d-Estate-STAI-ZITTA!-spettacolo-teatrale-tratto-dal-libro-di-Michela-Murgia.jpg|,"Le ragazze si sono arrabbiate: nel panorama contemporaneo, &quot,STAI ZITTA!&quot,, spettacolo teatrale tratto dal libro di Michela Murgia, è un faro di resistenza contro il tentativo di ammutolire la voce femminile. In scena a Mezzocorona il 14 giugno Antonella Questa, Valentina Melis e Teresa Cinque guidate dalla regia di Marta Dalla Via, portavoce di una ribellione contro le discriminazioni di genere, sull'onda dell'ironia e della dissacrazione per sfidare i luoghi comuni e le ingiustizie radicate nel linguaggio e oltre.Personaggi e situazioni che oscillano tra il surreale e il troppo reale, il mansplaining l'uso riduttivo del nome proprio per le donne, la celebrazione stereotipata della donna come &quot,mamma e moglie di&quot,, da smontare con acume e spirito critico.&quot,STAI ZITTA!&quot, è un manifesto comico e profondo per tutte quelle che zitte non ci voglio stare proprio più Fatevi sentire in platea: https://lc.cx/zE2-jk  Palazzo Martini, Mezzocorona Venerdì, 14 giugno 21.30Prima dello spettacolo, a partire dalle ore 19.30, apericena a cura di:Hotel Centrale MezzocoronaCantine rechof spumanti  eAzienda Agricola Zanini LuigiGelateria Fior Di Sole MITO International#SolstizioXXXIII",,14/06/2024,,,,,,,,,,,,Evento singolo,,,,,,,
"Solstizio d'Estate: Le ragazze si sono arrabbiate: nel panorama contemporaneo, ""STAI ZITTA!"", spettacolo teatrale tratto dal libro di Michela Murgia,.",,var/mezzocorona/storage/images/turismo/calendario-eventi/solstizio-d-estate-le-ragazze-si-sono-arrabbiate-nel-panorama-contemporaneo-stai-zitta!-spettacolo-teatrale-tratto-dal-libro-di-michela-murgia/431207-1-ita-IT/Solstizio-d-Estate-Le-ragazze-si-sono-arrabbiate-nel-panorama-contemporaneo-STAI-ZITTA!-spettacolo-teatrale-tratto-dal-libro-di-Michela-Murgia.jpg|,"Le ragazze si sono arrabbiate: nel panorama contemporaneo, &quot,STAI ZITTA!&quot,, spettacolo teatrale tratto dal libro di Michela Murgia, è un faro di resistenza contro il tentativo di ammutolire la voce femminile. In scena a Mezzocorona il 14 giugno Antonella Questa, Valentina Melis e Teresa Cinque guidate dalla regia di Marta Dalla Via, portavoce di una ribellione contro le discriminazioni di genere, sull'onda dell'ironia e della dissacrazione per sfidare i luoghi comuni e le ingiustizie radicate nel linguaggio e oltre. Personaggi e situazioni che oscillano tra il surreale e il troppo reale, il mansplaining l'uso riduttivo del nome proprio per le donne, la celebrazione stereotipata della donna come &quot,mamma e moglie di&quot,, da smontare con acume e spirito critico.&quot,STAI ZITTA!&quot, è un manifesto comico e profondo per tutte quelle che zitte non ci voglio stare proprio piùFatevi sentire in platea: https://lc.cx/zE2-jk  Palazzo Martini, Mezzocorona Venerdì, 14 giugno 21.30Prima dello spettacolo, a partire dalle ore 19.30, apericena a cura di:Hotel Centrale MezzocoronaCantine rechof spumanti e Azienda Agricola Zanini LuigiGelateria Fior Di Sole MITO International#SolstizioXXXIII",,14/06/2024,,,,,,,,,,,,Evento singolo,,,,,,,
"Solstizio d'Estate ""Vite Ribelli"" è la ribellione intellettuale della filosofia: chicca di teatro contemporaneo",,var/mezzocorona/storage/images/turismo/calendario-eventi/solstizio-d-estate-vite-ribelli-e-la-ribellione-intellettuale-della-filosofia-chicca-di-teatro-contemporaneo/431232-1-ita-IT/Solstizio-d-Estate-Vite-Ribelli-e-la-ribellione-intellettuale-della-filosofia-chicca-di-teatro-contemporaneo.jpg|,"“Vite Ribelli&quot, è la ribellione intellettuale della filosofia: chicca di teatro contemporaneo, lo spettacolo di Matteo Saudino, in arte e social #Barbasophia è una celebrazione del pensiero critico e dell'audacia intellettuale che non temono la ribalta. Il 16 giugno, nello splendido Palazzo Martini di Mezzocorona andranno in scena le gesta di cinque figure iconiche, da Ipazia a Socrate, per celebrare chi ha il coraggio di sfidare, di domandare e di vivere secondo principi di verità e libertà. Con Saudino, il palco diventa un'arena dove la filosofia incita gli spettatori a chiedersi che mondo desiderino costruire e abitare.C’è ancora spazio per la libertà, assaporala in prima fila: https://lc.cx/B9Vq_A  Palazzo Martini, Mezzocorona Domenica, 16 giugno 21.30Prima dello spettacolo, a partire dalle ore 19.30, apericena a cura di:Trote Astro e Filiera FerrariCantina Azienda Agricola Fontana GrazianoGelateria Fior Di Sole MITO International#SolstizioXXXIII",,16/06/2024,,,,,,,,,,,,Evento singolo,,,,,,,
Biblioestate: Letture ondeggianti e zattere galleggianti. Laboratorio in biblioteca.,,var/mezzocorona/storage/images/turismo/calendario-eventi/biblioestate-letture-ondeggianti-e-zattere-galleggianti.-laboratorio-in-biblioteca/431310-1-ita-IT/Biblioestate-Letture-ondeggianti-e-zattere-galleggianti.-Laboratorio-in-biblioteca.jpg|,"La biblioteca propone il giorno27 giugno h. 16.30-17.45LETTURE ONDEGGIANTI E ZATTERE GALLEGGIANTI&nbsp, IN BIMBOTECA E IN PIAZZA DELLA CHIESA&nbsp,La biblioteca propone a tutti i bambini e le bambine un divertente laboratorio in cui ci si immergerà nelle profondità del mare, attraverso le letture, per poi tornare a galla costruendo una zattera, che faremo navigare nella grande fontana della piazza del paese.&nbsp,&nbsp,E’ garantito il posto a chi si iscriverà in biblioteca entro il 25.6.2024.Precedenza ai residenti. Laboratorio riservato alle bimbe ed ai bimbi dai 3 ai 10 anni (i minori di 6 anni vanno accompagnati).",www.comune.mezzocorona.tn.it/content/download/46682/431312/M_LABORATORI zattere.pdf,27/06/2024,27/06/2024,,,,,,,,,,,Evento singolo,,,,,,,
Rocce e fossili che raccontano a cura di Maria Gabriella Gretter,,var/mezzocorona/storage/images/turismo/calendario-eventi/rocce-e-fossili-che-raccontano-a-cura-di-maria-gabriella-gretter/432658-1-ita-IT/Rocce-e-fossili-che-raccontano-a-cura-di-Maria-Gabriella-Gretter.jpg|,"La biblioteca propone:1, 3, 5 LUGLIO 2024&nbsp,ore 9.30-12.00ROCCE E FOSSILI CHE RACCONTANO A CURA DI M. GABRIELLA GRETTER&nbsp,IN BIBLIOTECA A MEZZOCORONA (PIANO MANSARDA)&nbsp,  &nbsp,    &nbsp,    &nbsp,  Su richiesta della biblioteca l’esperta Maria Gabriella Gretter ha predisposto un percorso didattico e divertente per ragazzi e ragazze appassionati di storia, geologia e tradizioni, con un occhio di riguardo alla storia del nostro territorio. Ecco il programma:&nbsp,Giorno 1: Le rocce raccontano: come si sono formati vulcani, mare e spiagge? Creazione della Colonna stratigrafica delle rocce trentine, quiz, esperimenti e riconoscimento dei campioni, con creazione finale del taccuino del piccolo geologo.&nbsp,Giorno 2: Fossili fra mito e leggende. Come si forma un fossile, osservazione di fossili, lettura della leggenda di Mezzocorona forse nata a seguito del ritrovamento di impronte fossili di dinosauri al Castello di San Gottardo, con laboratorio finale di creazione di un calco di conchiglie, foglie e impronte con gesso e argilla&nbsp,Giorno 3: Paesaggi geologici che saltano su scatole pop up. Si ricreano i paesaggi geologici del Trentino usando carte dipinte, sabbie e scatole&nbsp,Il corso è rivolto ai ragazzi dagli 8 ai 12 anni appassionati di storia e scienze. Costo euro 20, 00 a persona, precedenza ai residenti, iscrizioni in biblioteca fino ad esaurimento dei posti disponibili (non oltre il 28.6.24).",,01/07/2024,01/07/2024,,,,,,,,,,,Evento singolo,,,,,,,
Laboratorio con-gelato per la biblioestate in biblioteca,,var/mezzocorona/storage/images/turismo/calendario-eventi/laboratorio-con-gelato-per-la-biblioestate-in-biblioteca/433524-1-ita-IT/Laboratorio-con-gelato-per-la-biblioestate-in-biblioteca.jpg|,La biblioteca propone ilLaboratorio con-gelato: letture e laboratorio al gusto Barbapapà23 luglio in bimboteca a Mezzocorona h. 16-17 in collaborazione con Albergo Caffè Centrale di MezzocoronaPer bambini dai 3 anni in su,,23/07/2024,23/07/2024,,,,,,,,,,,Evento singolo,,,,,,,
Artelab in biblioteca con van Gogh,,var/mezzocorona/storage/images/turismo/calendario-eventi/artelab-in-biblioteca-con-van-gogh/433574-1-ita-IT/Artelab-in-biblioteca-con-van-Gogh.jpg|,"La biblioestate ideata dalle bibliotecarie quest’anno propone 3 laboratori d’arte per conoscere 3 grandi artisti e le loro opere e, attraverso un’attività artistica da essi ispirata, sviluppare in modo divertente la creatività, l’immaginazione e la capacità di espressione dei partecipanti.ArteLab Van Gogh, 9 luglio h. 14.15-15.45ArteLab Picasso, 8 agosto h. 14.15-15.45ArteLab Matisse, 27 agosto h. 14.15-15.45L’attività è gratuita e rivolta ai bambini dai 6 anni in su. Iscrizione obbligatoria in biblioteca fino ad esaurimento dei posti disponibili (n. 25), precedenza ai residenti.Si può partecipare ai singoli incontri.",,09/07/2024,09/07/2024,,,,,,,,,,,Evento singolo,,,,,,,
Artelab con Picasso cambio orario,,var/mezzocorona/storage/images/turismo/calendario-eventi/artelab-con-picasso-cambio-orario/433599-2-ita-IT/Artelab-con-Picasso-cambio-orario.jpg|,"La biblioestate ideata dalle bibliotecarie quest’anno propone 3 laboratori d’arte per conoscere 3 grandi artisti e le loro opere e, attraverso un’attività artistica da essi ispirata, sviluppare in modo divertente la creatività, l’immaginazione e la capacità di espressione dei partecipanti.ArteLab Van Gogh, 9 luglio h. 14.15-15.45ArteLab Picasso, 8 agosto h. 16.15-17.45ArteLab Matisse, 27 agosto h. 14.15-15.45L’attività è gratuita e rivolta ai bambini dai 6 anni in su. Iscrizione obbligatoria in biblioteca fino ad esaurimento dei posti disponibili (n. 25), precedenza ai residenti.Si può partecipare ai singoli incontri.",,08/08/2024,08/08/2024,,,,,,,,,,,Evento singolo,,,,,,,
Artelab con Matisse,,var/mezzocorona/storage/images/turismo/calendario-eventi/artelab-con-matisse/433624-2-ita-IT/Artelab-con-Matisse.jpg|,"La biblioestate ideata dalle bibliotecarie quest’anno propone 3 laboratori d’arte per conoscere 3 grandi artisti e le loro opere e, attraverso un’attività artistica da essi ispirata, sviluppare in modo divertente la creatività, l’immaginazione e la capacità di espressione dei partecipanti.ArteLab Van Gogh, 9 luglio h. 14.15-15.45ArteLab Picasso, 8 agosto h. 14.15-15.45ArteLab Matisse, 27 agosto h. 14.15-15.45L’attività è gratuita e rivolta ai bambini dai 6 anni in su. Iscrizione obbligatoria in biblioteca fino ad esaurimento dei posti disponibili (n. 25), precedenza ai residenti.Si può partecipare ai singoli incontri.",,27/08/2024,27/08/2024,,,,,,,,,,,Evento singolo,,,,,,,
AMA DOC: evento della Pro loco di Mezzocorona,,var/mezzocorona/storage/images/turismo/calendario-eventi/ama-doc-evento-della-pro-loco-di-mezzocorona/433669-1-ita-IT/AMA-DOC-evento-della-Pro-loco-di-Mezzocorona.jpg|,"AMA DOC: torna l'evento estivo della Pro Loco di Mezzocorona a Palazzo Martini il 6 luglio dalle ore 18 alle ore 24, apericena in musica.",,06/07/2024,07/07/2024,,,,,,,,,,,Evento singolo,,,,,,,
Le Acli propongono un'escursione lungo le vie dell'acqua,,var/mezzocorona/storage/images/turismo/calendario-eventi/le-acli-propongono-un-escursione-lungo-le-vie-dell-acqua/433694-3-ita-IT/Le-Acli-propongono-un-escursione-lungo-le-vie-dell-acqua.jpg|,"Le Acli e Gocce di Gaia propongono un'uscita dal titolo &quot,Le vie dell'acqua tra passato e presente&quot, con la guida di Stefano Delugan il giorno 26.6.24 a partire dalle ore 17.00. Ritrovo al Ponte della Fosina.",,26/06/2024,26/06/2024,,,,,,,,,,,Evento singolo,,,,,,,
"Il mandala nell'arte e nella storia: conferenza, laboratorio e mostra a cura di Paola Gabrielli",,var/mezzocorona/storage/images/turismo/calendario-eventi/il-mandala-nell-arte-e-nella-storia-conferenza-laboratorio-e-mostra-a-cura-di-paola-gabrielli/434425-1-ita-IT/Il-mandala-nell-arte-e-nella-storia-conferenza-laboratorio-e-mostra-a-cura-di-Paola-Gabrielli.jpg|,"La biblioteca organizza un percorso didattico e divertente per conoscere il mondo dei mandala a cura della prof.ssa Paola Gabrielli, strutturato in tre distinti momenti:Conferenza sui mandala: 16 luglio h. 16.30-18.00Laboratorio di disegno e pittura “Costruisco il mio mandala”: 18 luglio h. 16.30-18.00Mostra sui mandala: dal 16 al 18 luglio.Il percorso è rivolto ai ragazzi dagli 8 anni in su e agli adulti&nbsp, e il costo a carico dei partecipanti è di euro 10,00. Precedenza ai residenti. Iscrizioni in biblioteca fino ad esaurimento dei posti disponibili. (non oltre il 15.7.24)",www.comune.mezzocorona.tn.it/content/download/47021/434427/M_ARTE.pdf,16/07/2024,18/07/2024,Il 16 luglio h. 16.30-18.00 \ Il 18 luglio h. 16.30-18.00 \ Dal 16 al 18 luglio mostra sui mandala.,,,,,,,,,,Evento singolo,,,,,,,
Biblioestate: Corso per costruire uno scrapbook annullato,,var/mezzocorona/storage/images/turismo/calendario-eventi/biblioestate-corso-per-costruire-uno-scrapbook-annullato/435475-2-ita-IT/Biblioestate-Corso-per-costruire-uno-scrapbook-annullato.jpg|,"La biblioteca propone il giorno5 agosto 2024 in orario&nbsp,&nbsp,14.30-17.30ALBUM DEI RICORDI: COSTRUISCO IL MIO SCRAPBOOK&nbsp, &nbsp,A CURA DI SIMONA ZAMPRIGLIOIN BIBLIOTECA A MEZZOCORONA&nbsp,&nbsp,  &nbsp,     &nbsp, &nbsp,  Per la Biblioestate Simona Zampriglio propone un laboratorio di bricolage per la costruzione di un album di cartoncino ideale per l’apposizione di foto o frasi, con la tecnica dello scrapbooking.&nbsp,Per realizzare un prodotto creativo, originale e personalizzato ogni partecipante potrà costruire degli abbellimenti con i numerosi e vari materiali messi a disposizione dalla proponente. Ciascun partecipante potrà portare a casa lo Scrapbook finito e riempirlo dei propri ricordi, magari legati proprio all’estate!&nbsp,Il laboratorio è rivolto ai ragazzi dagli 8 anni in su e il costo a carico dei partecipanti è di euro 10,00. Precedenza ai residenti. Iscrizioni in biblioteca fino ad esaurimento dei posti disponibili (non oltre il 19.8.24 h. 12.00).IL CORSO E' STATO ANNULLATO PER MANCATO RAGGIUNGIMENTO DEL N. MINIMO",,04/09/2024,04/09/2024,,,,,,,,,,,Evento singolo,,,,,,,
"Plastic Free propone una passeggiata ecologica per pulire la ""Retta""",,var/mezzocorona/storage/images/turismo/calendario-eventi/plastic-free-propone-una-passeggiata-ecologica-per-pulire-la-retta/436139-1-ita-IT/Plastic-Free-propone-una-passeggiata-ecologica-per-pulire-la-Retta.jpg|,"Il 23.7.2024 Plastic Free propone una passeggiata ecologica per pulire la &quot,Retta&quot,, si parte alle ore 19.30 presso piazza S. Gottardo. La referente è la signora Maria Pia cel 3333706833.&nbsp,",,23/07/2024,,,,,,,,,,,,Evento singolo,,,,,,,
"Iniziativa della Pro Loco di Mezzocorona ""San Lorenzo"" al Monte di Mezzocorona",,var/mezzocorona/storage/images/turismo/calendario-eventi/iniziativa-della-pro-loco-di-mezzocorona-san-lorenzo-al-monte-di-mezzocorona/436164-1-ita-IT/Iniziativa-della-Pro-Loco-di-Mezzocorona-San-Lorenzo-al-Monte-di-Mezzocorona.jpg|,"Torna la tradizionale iniziativa della Pro Loco di Mezzocorona &quot,San Lorenzo&quot, al Monte il giorno 10 agosto sul Monte di Mezzocorona in loc. Spiazzi.Si veda il programma nella locandina allegata.",www.comune.mezzocorona.tn.it/content/download/47202/436166/449435712_1006388134825357_3106827601504301089_n.jpg,10/08/2024,10/08/2024,,,monte di Mezzocorona,,,,,,,,Evento singolo,,,,,,,
"""Alla scoperta della meraviglia nella natura"" con la biblioteca a S. Lorenzo al Monte",,var/mezzocorona/storage/images/turismo/calendario-eventi/alla-scoperta-della-meraviglia-nella-natura-con-la-biblioteca-a-s.-lorenzo-al-monte/436214-1-ita-IT/Alla-scoperta-della-meraviglia-nella-natura-con-la-biblioteca-a-S.-Lorenzo-al-Monte.jpg|,"In occasione della festa di san Lorenzo sul Monte di Mezzocorona la biblioteca propone un percorso multisensoriale, alla scoperta della bellezza che ci circonda, coinvolgendo i sensi. Si leggerà quindi una fiaba che celebra la vita e la natura e si costruirà il libro-boquet delle orchidee del Monte, con le foto di Mauro Varner.Iscrizioni entro il giorno 8.8.24 in biblioteca.L'iniziativa è rivolta ai bambini dai 4 ai 10 anni.",,10/08/2024,10/08/2024,,,,,,,,,,,Evento singolo,,,,,,,
Reading party in biblioteca,,var/mezzocorona/storage/images/turismo/calendario-eventi/reading-party-in-biblioteca/436693-1-ita-IT/Reading-party-in-biblioteca.jpg|,"La biblioteca propone il giorno 12 AGOSTO 2024 in orario 19.00-22.00 un&nbsp,&nbsp,READING PARTY:per il piacere di leggere di sera, al fresco e a cellulare spento. Ci troviamo in biblioteca a Mezzocorona.&nbsp,Il reading party è un evento molto di moda soprattutto in America, che unisce il piacere di ritrovarsi in un luogo accogliente per fare due chiacchiere e sorseggiare una bevanda fresca, al piacere di leggere e sfogliare le pagine di un buon libro.L’auspicio è di ritrovarsi serenamente fra i libri e magari, spegnendo il telefono, ritrovare delle connessioni sociali, “in persona”. L’iniziativa è gratuita ad accesso libero per ragazzi ed adulti.",,12/08/2024,12/08/2024,,,,,,,,,,,Evento singolo,,,,,,,
Mostra di Alessandro De Mitri a Palazzo Martini al Settembre Rotaliano,,var/mezzocorona/storage/images/turismo/calendario-eventi/mostra-di-alessandro-de-mitri-a-palazzo-martini-al-settembre-rotaliano/438965-1-ita-IT/Mostra-di-Alessandro-De-Mitri-a-Palazzo-Martini-al-Settembre-Rotaliano.jpg|,Si veda la locandina allegata,www.comune.mezzocorona.tn.it/content/download/47554/438967/M_ARTE.pdf,30/08/2024,01/09/2024,,,,,,,,,,,Evento singolo,,,,,,,
Laboratorio per bambini /e al Settembre Rotaliano a cura della biblioteca,,var/mezzocorona/storage/images/turismo/calendario-eventi/laboratorio-per-bambini-e-al-settembre-rotaliano-a-cura-della-biblioteca/438990-1-ita-IT/Laboratorio-per-bambini-e-al-Settembre-Rotaliano-a-cura-della-biblioteca.jpg|,"La biblioteca di Mezzocorona propone il 30.8.24 alle ore 17.30 -19.00 un laboratorio di scoperta, lettura e creatività attraverso la fiaba “Oinós, il signore del vino” di Lisa Preghenella e il lavoretto “Chicchi d’oro”. È raccomandata l’iscrizione in biblioteca.",www.comune.mezzocorona.tn.it/content/download/47555/438992/M_LABORATORI.pdf,31/08/2024,31/08/2024,,,,,,,,,,,Evento singolo,,,,,,,
Settembre rotaliano 2024 della Pro Loco di Mezzocorona,,var/mezzocorona/storage/images/turismo/calendario-eventi/settembre-rotaliano-2024-della-pro-loco-di-mezzocorona/439015-1-ita-IT/Settembre-rotaliano-2024-della-Pro-Loco-di-Mezzocorona.jpg|,Il programma della festa di quest'anno è visibile al seguente linkhttps://www.settembrerotaliano.it/?fbclid=IwY2xjawExhJ9leHRuA2FlbQIxMQABHZOqPZM-MJ9-X-YdQZDmgmZxyPdYnab0stKcigxUpR4B17lbWYITnew6-w_aem_uXXYD2I78_ukx3R2a02mQA,,30/08/2024,01/09/2024,,,,,,,,,,,Evento singolo,,,,,,,
Il GRUPPO CARONTE presenta ROCK’N WINE: vino e stelle del rock,ROCK’N WINE: vino e stelle del rock,var/mezzocorona/storage/images/turismo/calendario-eventi/rock-n-wine-vino-e-stelle-del-rock/439930-3-ita-IT/ROCK-N-WINE-vino-e-stelle-del-rock.jpg|,"Il Comune di Mezzocorona Vi invita al concerto per violino, violoncello, arpa epianoforte Rock'n Wine: vino e stelle del rock del Gruppo CaronteAlberto Martinelli (violino) Gabriele Miglioli (violoncello)Elena Trovato (arpa) Luigi Signori (pianoforte e voce)Il concerto è gratuito.Si ringrazia la Cassa del Trentino e dell'Alto Adige per la disponibilità del suggestivo spazio dell’anfiteatro. In caso di&nbsp,maltempo il concerto si svolgerà nell’adiacente Auditorium della Cassa di Trento.",www.comune.mezzocorona.tn.it/content/download/47645/439932/M_TEATRO caronte2.docx,22/09/2024,22/09/2024,,22/09/2024 ore 18.00,"presso l'anfiteatro della cassa di Trento (via Dante Alighieri civ. 8, Mezzocorona)",,,,,,,,Evento singolo,,,,,,,
Escursione monte Villandro,,var/mezzocorona/storage/images/turismo/calendario-eventi/escursione-monte-villandro/440478-8-ita-IT/Escursione-monte-Villandro.jpg|,"La SAT di&nbsp, Mezzocorona propone il 12 settembre l'escursione sul monte di Villandro, vetta estremamente panoramica posta la val Serentino e la valle d'Isarco. Si attraverserà parte della dell'Alpe di Villandro, esteso altopiano caratterizzato da amplissimi pascoli e malghe, che lo rendono uno degli alpeggi più belli dell'Alto Adige.Ulteriori info nella allegata locandina.Iscrizioni entro il mercoledì 11 settembre:&nbsp,quota di partecipazione: soci: 0€, non soci: 10€.Maggiori info nella locandina allegata.",www.comune.mezzocorona.tn.it/content/download/47697/440480/2024_Monte_di_Villandro.pdf,12/09/2024,12/09/2024,5:30 ore,12 settembre ore 7:00,monte Villandro,,,,,,,,Evento singolo,,S.A.T. sezione Mezzocorona,,,,,
Dall'idea al tratto - Alla scoperta del mondo di Nicoletta Costa - con la presenza dell’autrice,,var/mezzocorona/storage/images/turismo/calendario-eventi/dall-idea-al-tratto-alla-scoperta-del-mondo-di-nicoletta-costa-con-la-presenza-dell-autrice/440503-1-ita-IT/Dall-idea-al-tratto-Alla-scoperta-del-mondo-di-Nicoletta-Costa-con-la-presenza-dell-autrice.jpg|,"La biblioteca di Mezzocorona propone: Dall'idea al tratto - Alla scoperta del mondo di Nicoletta Costa - con la presenza dell’autriceDomenica 15 settembre in sala mansarda delle biblioteca di Mezzocorona dalle ore 16.30 alle ore 17.30.La famosa e amatissima illustratrice e scrittrice di libri per l’infanzia che, con il suo tratto semplice ed inconfondibile, da quarant’anni crea piccole e grandi avventure a misura di bambino. Sarà possibile entrare nel suo mondo illustrato, conoscere i suoi personaggi Giulio Coniglio, Nuvola Olga, strega Teodora e Topo Tommaso.Lei disegna e racconta per i bambini che potranno disegnare e creare insieme a lei.Iscrizione gratuita e obbligatoria al n. 0461 608182/83. Precedenza ai residenti.Nicoletta Costa incontrerà i bambini e le bambine della scuola maternadi Mezzocorona in bimboteca il 17 settembre 9.30-11.30.",www.comune.mezzocorona.tn.it/content/download/47698/440505/RM_LABORATORI NICOLETTA COSTA def_page-0001.jpg,15/09/2024,15/09/2024,,15 settembre 16.30-17.30,"Biblioteca di Mezzocorona, sala mansarda",,,,,,,,Evento singolo,,,,,,,
Galeotta fu la biblioteca: i lettori sono invitati a mettere in vetrina il loro libro del ❤️ ,,var/mezzocorona/storage/images/turismo/calendario-eventi/galeotta-fu-la-biblioteca-i-lettori-sono-invitati-a-mettere-in-vetrina-il-loro-libro-del/441012-1-ita-IT/Galeotta-fu-la-biblioteca-i-lettori-sono-invitati-a-mettere-in-vetrina-il-loro-libro-del.jpg|,"La biblioteca di Mezzocorona propone, l'iniziativa &quot,Galeotta fu la biblioteca: i lettori sono invitati a mettere in vetrina il loro libro del cuore&quot,, in occasione della&nbsp,tredicesima edizione del Bibliopride, la settimana nazionale delle biblioteche dal 23 al 29 settembre.“Pensa a un libro che durante la tua vita ti ha colpito e allestisci come vuoi le vetrine che trovi su ogni piano. Al piano terra sarà presente una vetrina dedicata ai consigli di lettura rivolti ai bambini, mentre al primo piano troverai delle vetrine dedicate ai ragazzi/giovani adulti e agli adulti. Sei pronto a mettere il tuo libro del ❤️ in vetrina e ad allegare un post-it con dei consigli di lettura?”Il giorno 27 settembre 2024 dalle 17.00 in poi saranno letti ad alta voce da una bibliotecaria alcuni libri per bambini consigliati durante la settimana!&nbsp,",www.comune.mezzocorona.tn.it/content/download/47751/441014/Locandina Bibliopride 2024 MCO_page-0001.jpg,23/09/2024,29/09/2024,,,in Biblioteca a Mezzocorona,,,,,,,,Evento singolo,,,,,,,
Festa d'autunno con la Pro Loco,,var/mezzocorona/storage/images/turismo/calendario-eventi/festa-d-autunno-con-la-pro-loco3/441906-3-ita-IT/Festa-d-autunno-con-la-Pro-Loco.jpg|,"La Proloco di Mezzocorona vi aspetta in Piazza della Chiesa domenica 6 ottobre,&nbsp,per festeggiare in compagnia l'inizio della stagione autunnale!A partire dalle ore 10.30 fino alle ore 19.00&nbsp,la giornata sarà allietata da buona&nbsp,musica, bancarelle di&nbsp,prodotti tipici&nbsp,e dal tradizionale&nbsp,pranzo&nbsp,(polenta, salsiccia e contorni - certificato senza glutine).&nbsp,Tanto divertimento anche per i più piccoli !Programma in foto e locandina allegata.",www.comune.mezzocorona.tn.it/content/download/47842/441908/1d4363ce-aee7-4c5a-9059-cb8a42f9fd05.jpg,06/10/2024,06/10/2024,,,Piazza della Chiesa,,,,,,,,Evento singolo,,"Pro Loco,S.A.T. sezione Mezzocorona",,,,,
Rocca Piana Skyrace a Mezzocorona,,var/mezzocorona/storage/images/turismo/calendario-eventi/rocca-piana-skyrace-a-mezzocorona/441931-1-ita-IT/Rocca-Piana-Skyrace-a-Mezzocorona.jpg|,"L'Associazione sportiva dilettantistica Paganella Mountain Team propone la manifestazione sportiva Roccapiana Skyrace.&nbsp,La gara si svolgerà domenica 28 Settembre 2023 con partenza alle ore 09:00 dalla Piazza della Chiesa a Mezzocorona (ore 7:00 ritiro pettorali).L’arrivo è previsto nello stesso punto della partenza.Il percorso pervede una lunghezza di&nbsp,circa 22 km con un dislivello di 1900 metri circa in positivo e altrettanto in negativo.&nbsp,&nbsp,La gara si svolgerà lungo sentieri di montagna con un percorso impegnativo di salite e discese su sentieri classificati “EE” che prevedono alcuni passaggi esposti e attrezzati. È richiesta pertanto una buona preparazione fisica e abitudine a percorsi su sentieri di alta montagna.- Ore 12:00 pranzo e festa aperta a tutti.- Ore 14:30 premiazioni.La partecipazione alla gara è vincolata dal tesseramento a FISky. Per chi non fosse in possesso di un tesseramento annuale a FISky è possibile richiedere una tessera valida solamente per la giornata della competizione ad un costo di € 5,00 (prezzo stabilito dalla federazione), aggiuntivo al costo della competizione.&nbsp,Le iscrizioni sono gestite dal portale di Wedosport. La quota di partecipazione è variabile ed ammonta a:- € 30 ai primi 30 iscritti- € 35 fino al 26/09/2023,- € 40 il 27 e 28 Settembre al ritiro pettorale.In caso di annullamento dell’iscrizione entro il 05/09/2024 verrà rimborsata l’intera quota d’iscrizione, ad eccezione dei costi di segreteria (€ 2,00). Dopo tale data, il Comitato Organizzatore si riserva la possibilità di rimborsare il 50% del costo. Dopo il 20/09/2024 non verranno rimborsate le quote d’iscrizione, ad eccezione del caso in cui la gara venga annullata dal comitato organizzatore.&nbsp,",www.comune.mezzocorona.tn.it/content/download/47843/441933/40dfed2f-2df0-4cea-a3b3-5385ca155f2a.jpg,28/09/2024,28/09/2024,,,,,,,,,,,Evento singolo,,,,,,,
Presentazione del laboratorio esperienziale Genitori efficaci,,var/mezzocorona/storage/images/turismo/calendario-eventi/presentazione-del-laboratorio-esperienziale-genitori-efficaci/441956-1-ita-IT/Presentazione-del-laboratorio-esperienziale-Genitori-efficaci.jpg|,"La dott.ssa Claudia Giglioli presenta un laboratorio esperienziale per migliorare le relazioni in famiglia, lunedì 23 settembre 2024 alle ore 20:30, nella sala biblioteca delll'Istituto Martini. (via G. Perlasca 4, Mezzolombardo)Ulteriori informazioni nella locandina allegata.",www.comune.mezzocorona.tn.it/content/download/47844/441958/3a58a470-761b-42a0-a207-b0fa289b2bbf-_1_.jpg,23/09/2024,,,,"via G. Perlasca, Mezzolombardo",,,,,,,,Evento singolo,,,,,,,
"Alla scoperta del trattore, con l'intervento del viticoltore Mirco Dalrì",,var/mezzocorona/storage/images/turismo/calendario-eventi/alla-scoperta-del-trattore-con-l-intervento-del-viticoltore-mirco-dalri/442448-3-ita-IT/Alla-scoperta-del-trattore-con-l-intervento-del-viticoltore-Mirco-Dalri.jpg|,"La biblioteca di Mezzocorona nell’ambito delle iniziative di Agrifamily d’autunno 2024 propone un laboratorio didattico per bambini dai 3 agli 11 anni alla scoperta del trattore con l’esperto Mirco Dalrì.Si parte in bimboteca con una lettura a tema, si prosegue in piazza dove sarà collocato il trattore, e si conclude l’esperienza con un laboratorio creativo per la costruzione di un lapbook-trattore che ogni partecipante potrà portarsi a casa.L’iniziativa è gratuita. Per questioni organizzative è raccomandata la prenotazione in biblioteca a Mezzocorona (telefonica o via email). I bimbi minori di 7 anni vanno accompagnati da un adulto.L’iniziativa si svolge anche in caso di maltempo (utilizzando la sede dell’ex caserma dei V.V.F.)",www.comune.mezzocorona.tn.it/content/download/47889/442450/M_LABORATORI agrifamily autunno.pdf,11/10/2024,11/10/2024,,,In Bimboteca e piazza della chiesa,,,,,,,,Evento singolo,,,,,,,
Incontralzheimerotaliana: L'Alzheimer in casa. Soluzione per migliorare la vita in casa,,var/mezzocorona/storage/images/turismo/calendario-eventi/incontralzheimerotaliana-l-alzheimer-in-casa.-soluzione-per-migliorare-la-vita-in-casa/442557-4-ita-IT/Incontralzheimerotaliana-L-Alzheimer-in-casa.-Soluzione-per-migliorare-la-vita-in-casa.jpg|,"Incontralzheimerotalianamercoledì 23 ottobre 2024, ore 20:30, in Biblioteca a Mezzocoronapresenta:&nbsp,L'Alzheimer in casa. Soluzione per migliorare la vita in casa -&nbsp,Un manuale per i caregiver che si trovano ad assistere persone affette dal Alzehimer - redatto e presentato dalla&nbsp,dott.ssa Paola Maria Taufer - psicologa e psicoterapeuta -&nbsp,specializzata in psicologia dell’invecchiamento.&nbsp,",www.comune.mezzocorona.tn.it/content/download/47900/442559/Serate Alzheimer 2024_.jpg,23/10/2024,,,23 ottobre 2024,Biblioteca di Mezzocorona - secondo piano,,,,,,,,Evento singolo,,,,,,,
Incontralzheimerotaliana:  La terapia della dignità. Parole per il tempo che rimane.,,var/mezzocorona/storage/images/turismo/calendario-eventi/incontralzheimerotaliana-la-terapia-della-dignita.-parole-per-il-tempo-che-rimane/442582-4-ita-IT/Incontralzheimerotaliana-La-terapia-della-dignita.-Parole-per-il-tempo-che-rimane.jpg|,"mercoledì 30 ottobre 2024, ore 20:30, in biblioteca a Mezzocoronapresenta:&nbsp,La terapia della dignità. Parole per il tempo che rimane. libro della&nbsp,dott.ssa Raffaella Tanel - neurologa, esperta in malattie&nbsp,neurodegenerative e neuromuscolari.",www.comune.mezzocorona.tn.it/content/download/47901/442584/Serate Alzheimer 2024_.jpg,30/10/2024,,,30 ottobre 2024,Biblioteca di Mezzocorona - secondo piano,,,,,,,,Evento singolo,,,,,,,
Biblioescape ed. Halloween,,var/mezzocorona/storage/images/turismo/calendario-eventi/biblioescape-ed.-halloween/442607-1-ita-IT/Biblioescape-ed.-Halloween.jpg|,"La notte di Halloween si avvicina e in biblioteca, una strega malvagia ha lanciato un incantesimo!Abbiamo bisogno di eroi valorosi pronti all’avventura...dovrete risolvere enigmi, trovare gli indizi perscoprire il codice che vi permetterà di fuggire in tempo...L’attività si svolge in gruppi ristretti di 5 bambini e ragazzi, con ingresso ogni mezz’ora (14.30 /15.00 / 15.30 / 16.00 / 16.30 / 17.00 / 17.30 / 18.00).L’attività è gratuita e rivolta ai bambini e ragazzi dai 7 ai 12 anni. Iscrizione obbligatoria in bibliotecafino ad esaurimento dei posti disponibili, precedenza ai residenti.",www.comune.mezzocorona.tn.it/content/download/47902/442609/M_LABORATORI def.pdf,25/10/2024,25/10/2024,,25 ottobre 2024,Biblioteca di Mezzocorona,,,,,,,,Evento singolo,,,,,,,
"Clm Bell ""Back to school"" a Mezzocorona - Open day venerdì 4 ottobre 2024",,var/mezzocorona/storage/images/turismo/calendario-eventi/clm-bell-back-to-school-a-mezzocorona-open-day-venerdi-4-ottobre-2024/443018-1-ita-IT/Clm-Bell-Back-to-school-a-Mezzocorona-Open-day-venerdi-4-ottobre-2024.jpg|,"La biblioteca propone Clm Bell &quot,Back to school&quot, open day a MezzocoronaPiazza della Cooperazione&nbsp,4 ottobre 2024 | ore 16 – 18.&nbsp,Accesso liberoIn inglese e tedesco:Per bambini festa&nbsp,“Back to school”&nbsp,con giochi, laboratori e attività varieInoltre per tutti:Test di LivelloInformazioni su corsi,&nbsp, certificazioni e soggiorni studio",,04/10/2024,04/10/2024,Dalle 16:00 alle 18:00,4 ottobre 2024,"Piazza della Cooperazione (Mezzocorona, TN)",,,,,,,,Evento singolo,,,,,,,
Testimonianze di vita e germogli di speranza: una proposta dalla Parrocchia di Mezzocorona,,var/mezzocorona/storage/images/turismo/calendario-eventi/testimonianze-di-vita-e-germogli-di-speranza-una-proposta-dalla-parrocchia-di-mezzocorona/446508-1-ita-IT/Testimonianze-di-vita-e-germogli-di-speranza-una-proposta-dalla-Parrocchia-di-Mezzocorona.png|,"L'Arcidiocesi di Trento propone l'incontro &quot,Tutti fragili tutte persone, testimonianze di vita e germogli di speranza&quot,, il 14 novembre alle ore 20:30 presso il teatro San Gottardo a Mezzocorona, ove interverrà il vescovo Lauro in una serata moderata da Rolando Pizzini. Durante la giornata mondiale dei poveri, con la collaborazone del Grazie alla vita filodrammatica Mezzocorona.",www.comune.mezzocorona.tn.it/content/download/48408/446510/locandina (02 ottobre 2024) (2).pdf,14/11/2024,,,Il 14 novembre ore 20:30,Teatro San Gottardo Mezzocorona,,,,,,,,Evento singolo,,,,,,,
La SAT-sezione di Mezzocorona propone il pranzo di chiusura e un'escursione a Favogna,,var/mezzocorona/storage/images/turismo/calendario-eventi/la-sat-sezione-di-mezzocorona-propone-il-pranzo-di-chiusura-e-un-escursione-a-favogna/446533-1-ita-IT/La-SAT-sezione-di-Mezzocorona-propone-il-pranzo-di-chiusura-e-un-escursione-a-Favogna.png|,Per info vedere l'immmagine allegata.,,17/11/2024,,6 ore e mezza,17/11/24,Favogna,,,,,,,,Evento singolo,,S.A.T. sezione Mezzocorona,,,,,
"Tra le pagine: una passeggiata dentro ai libri di Beatrice Alemagna, in biblioteca",,var/mezzocorona/storage/images/turismo/calendario-eventi/tra-le-pagine-una-passeggiata-dentro-ai-libri-di-beatrice-alemagna-in-biblioteca2/446710-1-ita-IT/Tra-le-pagine-una-passeggiata-dentro-ai-libri-di-Beatrice-Alemagna-in-biblioteca.jpg|,"Nell'ambito del progetto &quot,Immagini per crescere&quot, coordinato dal Comune di Lavis e dal Distretto Piana Rotaliana Koenigsberg, la biblioteca di Mezzocorona propone la mostra:&quot,Tra le pagine, una passeggiata dentro ai libri di Beatrice Alemagna&quot,.La mostra è aperta in orario di apertura della biblioteca dal 6 al 27 novembre 2024.Beatrice Alemagna è uno dei nomi più prestigiosi del mondo dell’illustrazione di libri per ragazzi. Artista apprezzata e pluripremiata a livello internazionale, autrice di oltre 30 libri, molti di questi pubblicati in diversi paesi e tradotti in 16 lingue. La mostra delinea un percorso avvincente fra le magnifiche immagini dei pannelli di grande formato e alcuni oggetti particolarmente significativi, ricreando l’universo dell’artista.L’ allestimento scenografico immersivo, visivo e sensoriale, ripercorre le pagine della storia amatissima “Il meraviglioso Cicciapelliccia”.Per ulteriori informazioni si visiti il sito:Tra le pagine: una passeggiata dentro ai libri di Beatrice Alemagna | TopipittoriIl modulo esposto nella sede di Mezzocorona è riferito al libro &quot,Il meraviglioso Cicciapelliccia&quot, (ed. Topipittori 2015)Un'altra sezione della mostra di Beatrice Alemagna, relativa al libro &quot,Un grande giorno di Niente&quot, (ed. Topipittori2016) è esposta nello stesso periodo presso la biblioteca di Mezzolombardo (in orario di consueta apertura).- Il meraviglioso Cacciapelliccia (ed. Topipittori2016), nella biblioteca di Mezzocorona dal 6 al 27 novembre. (in orario di consueta apertura)&nbsp,",www.comune.mezzocorona.tn.it/content/download/48425/446712/mostra_Alemagna_2.0.pdf,06/11/2024,08/11/2024,6-27 Novembre,Esclusi i festivi in orario di consueta apertura,Biblioteca di Mezzolombardo e Mezzocorona,,,,,,,,Evento singolo,,,,,,,
"Tra le pagine: una passeggiata dentro ai libri di Beatrice Alemagna, in biblioteca",,var/mezzocorona/storage/images/turismo/calendario-eventi/tra-le-pagine-una-passeggiata-dentro-ai-libri-di-beatrice-alemagna-in-biblioteca/446735-1-ita-IT/Tra-le-pagine-una-passeggiata-dentro-ai-libri-di-Beatrice-Alemagna-in-biblioteca.jpg|,"Nell'ambito del progetto &quot,Immagini per crescere&quot, coordinato dal Comune di Lavis e dal Distretto Piana Rotaliana Koenigsberg, la biblioteca di Mezzocorona propone la mostra:&quot,Tra le pagine, una passeggiata dentro ai libri di Beatrice Alemagna&quot,.La mostra è aperta in orario di apertura della biblioteca dal 6 al 27 novembre 2024.Beatrice Alemagna è uno dei nomi più prestigiosi del mondo dell’illustrazione di libri per ragazzi. Artista apprezzata e pluripremiata a livello internazionale, autrice di oltre 30 libri, molti di questi pubblicati in diversi paesi e tradotti in 16 lingue. La mostra delinea un percorso avvincente fra le magnifiche immagini dei pannelli di grande formato e alcuni oggetti particolarmente significativi, ricreando l’universo dell’artista.L’ allestimento scenografico immersivo, visivo e sensoriale, ripercorre le pagine della storia amatissima “Il meraviglioso Cicciapelliccia”.Per ulteriori informazioni si visiti il sito:Tra le pagine: una passeggiata dentro ai libri di Beatrice Alemagna | TopipittoriIl modulo esposto nella sede di Mezzocorona è riferito al libro &quot,Il meraviglioso Cicciapelliccia&quot, (ed. Topipittori 2015)Un'altra sezione della mostra di Beatrice Alemagna, relativa al libro &quot,Un grande giorno di Niente&quot, (ed. Topipittori2016) è esposta nello stesso periodo presso la biblioteca di Mezzolombardo (in orario di consueta apertura).- Il meraviglioso Cacciapelliccia (ed. Topipittori2016), nella biblioteca di Mezzocorona dal 6 al 27 novembre. (in orario di consueta apertura)&nbsp,",www.comune.mezzocorona.tn.it/content/download/48426/446737/mostra_Alemagna_2.0.pdf,11/11/2024,15/11/2024,6-27 Novembre,Esclusi i festivi in orario di consueta apertura,Biblioteca di Mezzolombardo e Mezzocorona,,,,,,,,Evento singolo,,,,,,,
"ra le pagine: una passeggiata dentro ai libri di Beatrice Alemagna, in biblioteca",,var/mezzocorona/storage/images/turismo/calendario-eventi/ra-le-pagine-una-passeggiata-dentro-ai-libri-di-beatrice-alemagna-in-biblioteca/446760-1-ita-IT/ra-le-pagine-una-passeggiata-dentro-ai-libri-di-Beatrice-Alemagna-in-biblioteca.jpg|,"Nell'ambito del progetto &quot,Immagini per crescere&quot, coordinato dal Comune di Lavis e dal Distretto Piana Rotaliana Koenigsberg, la biblioteca di Mezzocorona propone la mostra:&quot,Tra le pagine, una passeggiata dentro ai libri di Beatrice Alemagna&quot,.La mostra è aperta in orario di apertura della biblioteca dal 6 al 27 novembre 2024.Beatrice Alemagna è uno dei nomi più prestigiosi del mondo dell’illustrazione di libri per ragazzi. Artista apprezzata e pluripremiata a livello internazionale, autrice di oltre 30 libri, molti di questi pubblicati in diversi paesi e tradotti in 16 lingue. La mostra delinea un percorso avvincente fra le magnifiche immagini dei pannelli di grande formato e alcuni oggetti particolarmente significativi, ricreando l’universo dell’artista.L’ allestimento scenografico immersivo, visivo e sensoriale, ripercorre le pagine della storia amatissima “Il meraviglioso Cicciapelliccia”.Per ulteriori informazioni si visiti il sito:Tra le pagine: una passeggiata dentro ai libri di Beatrice Alemagna | TopipittoriIl modulo esposto nella sede di Mezzocorona è riferito al libro &quot,Il meraviglioso Cicciapelliccia&quot, (ed. Topipittori 2015)Un'altra sezione della mostra di Beatrice Alemagna, relativa al libro &quot,Un grande giorno di Niente&quot, (ed. Topipittori2016) è esposta nello stesso periodo presso la biblioteca di Mezzolombardo (in orario di consueta apertura).- Il meraviglioso Cacciapelliccia (ed. Topipittori2016), nella biblioteca di Mezzocorona dal 6 al 27 novembre. (in orario di consueta apertura)&nbsp,",www.comune.mezzocorona.tn.it/content/download/48427/446762/mostra_Alemagna_2.0.pdf,18/11/2024,22/11/2024,6-27 Novembre,Esclusi i festivi in orario di consueta apertura,Biblioteca di Mezzolombardo e Mezzocorona,,,,,,,,Evento singolo,,,,,,,
"Tra le pagine: una passeggiata dentro ai libri di Beatrice Alemagna, in biblioteca",,var/mezzocorona/storage/images/turismo/calendario-eventi/tra-le-pagine-una-passeggiata-dentro-ai-libri-di-beatrice-alemagna-in-biblioteca3/446785-1-ita-IT/Tra-le-pagine-una-passeggiata-dentro-ai-libri-di-Beatrice-Alemagna-in-biblioteca.jpg|,"Nell'ambito del progetto &quot,Immagini per crescere&quot, coordinato dal Comune di Lavis e dal Distretto Piana Rotaliana Koenigsberg, la biblioteca di Mezzocorona propone la mostra:&quot,Tra le pagine, una passeggiata dentro ai libri di Beatrice Alemagna&quot,.La mostra è aperta in orario di apertura della biblioteca dal 6 al 27 novembre 2024.Beatrice Alemagna è uno dei nomi più prestigiosi del mondo dell’illustrazione di libri per ragazzi. Artista apprezzata e pluripremiata a livello internazionale, autrice di oltre 30 libri, molti di questi pubblicati in diversi paesi e tradotti in 16 lingue. La mostra delinea un percorso avvincente fra le magnifiche immagini dei pannelli di grande formato e alcuni oggetti particolarmente significativi, ricreando l’universo dell’artista.L’ allestimento scenografico immersivo, visivo e sensoriale, ripercorre le pagine della storia amatissima “Il meraviglioso Cicciapelliccia”.Per ulteriori informazioni si visiti il sito:Tra le pagine: una passeggiata dentro ai libri di Beatrice Alemagna | TopipittoriIl modulo esposto nella sede di Mezzocorona è riferito al libro &quot,Il meraviglioso Cicciapelliccia&quot, (ed. Topipittori 2015)Un'altra sezione della mostra di Beatrice Alemagna, relativa al libro &quot,Un grande giorno di Niente&quot, (ed. Topipittori2016) è esposta nello stesso periodo presso la biblioteca di Mezzolombardo (in orario di consueta apertura).- Il meraviglioso Cacciapelliccia (ed. Topipittori2016), nella biblioteca di Mezzocorona dal 6 al 27 novembre. (in orario di consueta apertura)&nbsp,",www.comune.mezzocorona.tn.it/content/download/48428/446787/mostra_Alemagna_2.0.pdf,25/11/2024,27/11/2024, 6-27 Novembre,Esclusi i festivi in orario di consueta apertura,Biblioteca di Mezzolombardo e Mezzocorona,,,,,,,,Evento singolo,,,,,,,
A spasso tra le pagine con Cicciapelliccia,,var/mezzocorona/storage/images/turismo/calendario-eventi/a-spasso-tra-le-pagine-con-cicciapelliccia/446810-1-ita-IT/A-spasso-tra-le-pagine-con-Cicciapelliccia.jpg|,"Durante la settimana Nati per leggere la biblioteca di Mezzocorona propone delle letture animate per bambini/e dai 2 ai 6 anni, a partire da &quot,Il meraviglioso Cacciapelliccia&quot, di Beatrice Alemagna. Iscrizione non necessaria.&nbsp,La visita si svolge nell'ambito dell'iniziativa &quot,Immagini per crescere&quot,.",www.comune.mezzocorona.tn.it/content/download/48429/446812/Mezzocorona NPL.pdf,19/11/2024,19/11/2024,,Martedì 19 novembre,Biblioteca di Mezzocorona,,,,,,,,Evento singolo,,,,,,,
"Inaugurazione mostra ""Tra le pagine: il meraviglioso Cacciapelliccia, una passeggiata dentro i libri di Beatrice Alemagna""",,var/mezzocorona/storage/images/turismo/calendario-eventi/inaugurazione-mostra-tra-le-pagine-il-meraviglioso-cacciapelliccia-una-passeggiata-dentro-i-libri-di-beatrice-alemagna/446835-2-ita-IT/Inaugurazione-mostra-Tra-le-pagine-il-meraviglioso-Cacciapelliccia-una-passeggiata-dentro-i-libri-di-Beatrice-Alemagna.jpg|,"La biblioteca di Mezzocorona propone l'inaugurazione della mostra&nbsp,&quot,Tra le pagine: il meraviglioso Cacciapelliccia, una passeggiata dentro i libri di Beatrice Alemagna&quot,, venerdì 8 alle ore 16:00 con una lettura animata ed una passeggiata fiabesca alla scoperta del meraviglioso Cacciapelliccia. La mostra presso la sala mansarda della biblioteca di Mezzocorona.",www.comune.mezzocorona.tn.it/content/download/48430/446837/mostra_Alemagna_2.0.pdf,08/11/2024,,,,Biblioteca di Mezzocorona - sala mansarda,,,,,,,,Evento singolo,,,,,,,
Caccia ai tesori di palazzo Firmian a cura della biblioteca,,var/mezzocorona/storage/images/turismo/calendario-eventi/caccia-ai-tesori-di-palazzo-firmian-a-cura-della-biblioteca/446860-1-ita-IT/Caccia-ai-tesori-di-palazzo-Firmian-a-cura-della-biblioteca.jpg|,"La biblioteca propone una visita guidata al prestigioso palazzo Firmian a misura di bambini (4-10 anni): una caccia ai tesori fotografica, che permetterà ai partecipanti di acuire lo spirito di osservazione e di conoscere le opere d'arte seicentesche e settecentesche di cui il palazzo è dotato. La visita si svolge nell'ambito dell'iniziativa &quot,Immagini per crescere&quot,.La prenotazione è obbligatoria. Per info consultare la locandina allegata.",www.comune.mezzocorona.tn.it/content/download/48431/446862/gabbia (1).pdf,29/11/2024,29/11/2024,,29 novembre 2024,Palazzo Firmian,,,,,,,,Evento singolo,,,,,,,
