Titolo,Tipo di evento,startData,endDate,Descrizione breve,Descrizione completa,Luogo dell'evento,lat,lon,address,Presenti all'evento,Organizzatori,Informazioni sugli organizzatori
Agor  dei Talenti 2024,Giornata informativa,21/9/24 10.00,21/9/24 19.00,Uno spazio dedicato alla bellezza fuori e dentro di teParco delle Albere Aldeno Sabato 21 e Domenica 22 settembre 2024 dalle ore 10.00 alle ore 19.00,"L'Associazione Culturale ,Upala ARYA, di Aldeno invita ad incontrare i talenti di artigiani, artisti, operatori olistici e pedagogisti attraverso le loro opere e laboratori esperienziali.Laboratori che richiedono l'iscrizione (è possibile inviare whatsapp/telegram al numero dell'associazione 377-5955173 oppure via email: upala.arya@gmail.com)
SABATO 21 SETTEMBRE 2024
dalle 10.00 alle 12.00
,CREARE SINTONIE, spazio dedicato a famiglie, nei primi 1000 giorni di vita del/la bambino/a (dall'attesa ai 24 mesi)a cura di Elisa Pastorelli - 10 euro a famiglia
dalle 10.00 alle 12.00
,FLUIRE CON L'ACQUERELLO,a cura di Claudia Fabbri- offerta libera
dalle 10.00 alle 11.00
,JOGA bambini e genitori, insieme,a cura di Maurizia Scaletti - 5 euro a coppia, max 10 iscritti
dalle 11.00 alle 12.30
,BULBI SPECIALI, dai 3 anni, con un genitore
dalle 14.30 alle 16.00
,ARTE con L'ORTO, da 8 annia cura di Maddalena Micheli e Veronica Enderle- 8 euro
dalle 10.00 alle 12.00LABORATORI a cura della Banda Sociale di Aldeno- gratuito
dalle 14.00 alle 16.00
,CERCHI DI LUCE- meditazione, per adultia cura di Patrizia Lo Bracco e Damiano Pini- 26 euro, max 15 iscritti
dalle 14.00 alle 18.30
, HAPPENING CON L'ARTISTA,a cura di Alessia Todeschi - gratuito
dalle 15.00 alle 16.30
,BACCHETTE MAGICHE ED INCANTESMI CON LE PAROLE ,per famigliea cura di Maurizia Scaletti - offerta libera
dalle 16.00 alle 17.30
,MACRAME', da 6 anni, laboratorio garantito con minimo 5 iscrittia cura di Kurmi Macramè- 10 euro
dalle 10.00 alle 19.00 - a ciclo continuo:
,CRISTALLI PARLANTI ,a cura di Mariangela Lotti de La Perla Blu- gratuito
,GIOC-ARTE e MINATURE, a cura di ASGARD Aldeno- gratuito
,BACCHETTA DELLA PAROLA, a cura di Educare nel Bosco Vallagarina - offerta libera,GENESE 144, a cura di Etherium- offerta liberaDOMENCA 22 SETTEMBRE 2024
dalle 10.00 alle 11.30 - replica dalle 16.30 alle 18.00
,ALLA RICERCA DEL MIO TALENTO, immersione sensorialea cura di Maria Spagnolli - offerta libera, max 20 iscritti
dalle 10.00 alle 11.00
,JOGA bambini e genitori, insieme,a cura di Maurizia Scaletti - 5 euro a coppia, max 10 iscritti
dalle 11.00 alle 12.00,SUBCONSCIO E SALUTE PERFETTA, esperienza di programmazione diretta del subconscio
dalle 13.30 alle 14.30
,I RAGGI EVOLITIVI, sperimenta il primo raggio di protezione, forza e volontàa cura di Mariangela Lotti de ,La Perla Blu,- offerta libera, max 20 iscritti
dalle 11.00 alle 12.30 e dalle 14.30 alle 16.00
,ARTE con L'ORTO, per famigliecura di Maddalena Micheli e Veronica Enderle - 8 eurodalle 11.00 alle 11.45 e dalle 16.00 alle 16.45 pratica dell',OM CHANTING,
dalle 14.00 alle 15.00
,MEDITAZIONE CON GENESA, e approfondimento geometria sacraa cura di Etherium- offerta libera
dalle 15.00 alle 16.30
,ELEMENTS DANCE, danza dei 5 elementi per togliere tensionia cura di Prem Nurya Pallaoro- 5 euro
dalle 18.00 alle 19.00
,ARMONIE, con campane di cristalloa cura di Massimiliano Peri - offerta libera
dalle 10.00 alle 19.00- a ciclo continuo:
,FLUIRE CON L'ACQUERELLO, a cura di Claudia Fabbri- offerta libera
,GIOC-ARTE e MINATURE, a cura di ASGARD Aldeno- gratuito
,CRISTALLO TERAPIA INTUITIVA, a cura di Mariangela Lotti de ,La Perla Blu,- gratuito
,TAROT EXPERIENCE, a cura di Donald Furlano- offerta libera,GENESE 144, a cura di Etherium- offerta libera",Parco Albere Aldeno ,,,,,,
Agor   dei Talenti 2024,Giornata informativa,22/9/24 10.00,22/9/24 19.00,Uno spazio dedicato alla bellezza fuori e dentro di teParco delle Albere Aldeno Sabato 21 e Domenica 22 settembre 2024 dalle ore 10.00 alle ore 19.00,"L'Associazione Culturale ,Upala ARYA, di Aldeno invita ad incontrare i talenti di artigiani, artisti, operatori olistici e pedagogisti attraverso le loro opere e laboratori esperienziali.Laboratori che richiedono l'iscrizione (è possibile inviare whatsapp/telegram al numero dell'associazione 377-5955173 oppure via email: upala.arya@gmail.com)
SABATO 21 SETTEMBRE 2024
dalle 10.00 alle 12.00
,CREARE SINTONIE, spazio dedicato a famiglie, nei primi 1000 giorni di vita del/la bambino/a (dall'attesa ai 24 mesi)a cura di Elisa Pastorelli - 10 euro a famiglia
dalle 10.00 alle 12.00
,FLUIRE CON L'ACQUERELLO,a cura di Claudia Fabbri- offerta libera
dalle 10.00 alle 11.00
,JOGA bambini e genitori, insieme,a cura di Maurizia Scaletti - 5 euro a coppia, max 10 iscritti
dalle 11.00 alle 12.30
,BULBI SPECIALI, dai 3 anni, con un genitore
dalle 14.30 alle 16.00
,ARTE con L'ORTO, da 8 annia cura di Maddalena Micheli e Veronica Enderle- 8 euro
dalle 10.00 alle 12.00LABORATORI a cura della Banda Sociale di Aldeno- gratuito
dalle 14.00 alle 16.00
,CERCHI DI LUCE- meditazione, per adultia cura di Patrizia Lo Bracco e Damiano Pini- 26 euro, max 15 iscritti
dalle 14.00 alle 18.30
, HAPPENING CON L'ARTISTA,a cura di Alessia Todeschi - gratuito
dalle 15.00 alle 16.30
,BACCHETTE MAGICHE ED INCANTESMI CON LE PAROLE ,per famigliea cura di Maurizia Scaletti - offerta libera
dalle 16.00 alle 17.30
,MACRAME', da 6 anni, laboratorio garantito con minimo 5 iscrittia cura di Kurmi Macramè- 10 euro
dalle 10.00 alle 19.00 - a ciclo continuo:
,CRISTALLI PARLANTI ,a cura di Mariangela Lotti de La Perla Blu- gratuito
,GIOC-ARTE e MINATURE, a cura di ASGARD Aldeno- gratuito
,BACCHETTA DELLA PAROLA, a cura di Educare nel Bosco Vallagarina - offerta libera,GENESE 144, a cura di Etherium- offerta liberaDOMENCA 22 SETTEMBRE 2024
dalle 10.00 alle 11.30 - replica dalle 16.30 alle 18.00
,ALLA RICERCA DEL MIO TALENTO, immersione sensorialea cura di Maria Spagnolli - offerta libera, max 20 iscritti
dalle 10.00 alle 11.00
,JOGA bambini e genitori, insieme,a cura di Maurizia Scaletti - 5 euro a coppia, max 10 iscritti
dalle 11.00 alle 12.00,SUBCONSCIO E SALUTE PERFETTA, esperienza di programmazione diretta del subconscio
dalle 13.30 alle 14.30
,I RAGGI EVOLITIVI, sperimenta il primo raggio di protezione, forza e volontàa cura di Mariangela Lotti de ,La Perla Blu,- offerta libera, max 20 iscritti
dalle 11.00 alle 12.30 e dalle 14.30 alle 16.00
,ARTE con L'ORTO, per famigliecura di Maddalena Micheli e Veronica Enderle - 8 eurodalle 11.00 alle 11.45 e dalle 16.00 alle 16.45 pratica dell',OM CHANTING,
dalle 14.00 alle 15.00
,MEDITAZIONE CON GENESA, e approfondimento geometria sacraa cura di Etherium- offerta libera
dalle 15.00 alle 16.30
,ELEMENTS DANCE, danza dei 5 elementi per togliere tensionia cura di Prem Nurya Pallaoro- 5 euro
dalle 18.00 alle 19.00
,ARMONIE, con campane di cristalloa cura di Massimiliano Peri - offerta libera
dalle 10.00 alle 19.00- a ciclo continuo:
,FLUIRE CON L'ACQUERELLO, a cura di Claudia Fabbri- offerta libera
,GIOC-ARTE e MINATURE, a cura di ASGARD Aldeno- gratuito
,CRISTALLO TERAPIA INTUITIVA, a cura di Mariangela Lotti de ,La Perla Blu,- gratuito
,TAROT EXPERIENCE, a cura di Donald Furlano- offerta libera,GENESE 144, a cura di Etherium- offerta libera",Parco Albere Aldeno ,,,,,,
Corso di Difesa Personale - Associazione Judo Zen'Yo Destra Adige,Evento sportivo,12/11/24 19.00,12/11/24 20.30,L'Associazione Sportiva A.s.d. Judo Zen'Yo Destra Adige con il patrocinio del Comune di Aldeno organizza Corso di Difesa Personale presso la Co-Residenza Via Martignoni, 34 Aldeno,L'Associazione Sportiva A.s.d. Judo Zen'Yo Destra Adige presenta Corso di Difesa Personalepresso la Co-Residenza - Via Martignoni n. 34 - Aldeno 10 lezioni da 16 anni in su da Martedì 12 novembre 2024 dalle ore 19.00 alle ore 20.30Corso graduito (pagamento richiesto solo per assicurazione) Necessario certificato medico per l'idoneità alla pratica sportiva non agonistaInfo e iscrizioni: Giuseppe 3477245710 o Nadia 3472191377,,45.978.739,11.091.057,Via Martignoni Aldeno,,Judo Zen'Yo Destra Adige,
